model_number,label_asym_id,auth_asym_id,label_seq_id,auth_seq_id,insertion_code,sequence_position,has_coordinates,operator_id,complex_sasa_angstrom2,isolated_sasa_angstrom2,buried_sasa_angstrom2
1,A,A,1,1,,1,True,1,112.8040534560536,112.8040534560536,0.0
1,A,A,2,2,,2,True,1,6.485464604162598,6.485464604162598,0.0
1,A,A,3,3,,3,True,1,107.64382913390276,107.64382913390276,0.0
1,A,A,4,4,,4,True,1,12.949198550140927,12.949198550140927,0.0
1,A,A,5,5,,5,True,1,90.62521435482714,90.62521435482714,0.0
1,A,A,6,6,,6,True,1,5.803736380339735,5.803736380339735,0.0
1,A,A,7,7,,7,True,1,60.99815256378529,60.99815256378529,0.0
1,A,A,8,8,,8,True,1,49.65323186414489,49.65323186414489,0.0
1,A,A,9,9,,9,True,1,79.33195452838115,79.33195452838115,0.0
1,A,A,10,10,,10,True,1,60.75805634523469,60.75805634523469,0.0
1,A,A,11,11,,11,True,1,26.41686722587317,26.41686722587317,0.0
1,A,A,12,12,,12,True,1,55.06559517668511,55.06559517668511,0.0
1,A,A,13,13,,13,True,1,6.792908715224528,6.792908715224528,0.0
1,A,A,14,14,,14,True,1,38.91427726349217,38.91427726349217,0.0
1,A,A,15,15,,15,True,1,85.3017136084876,85.3017136084876,0.0
1,A,A,16,16,,16,True,1,47.78371850888035,47.78371850888035,0.0
1,A,A,17,17,,17,True,1,69.41090572110889,69.41090572110889,0.0
1,A,A,18,18,,18,True,1,167.051083104901,167.051083104901,0.0
1,A,A,19,19,,19,True,1,7.141923951075086,7.141923951075086,0.0
1,A,A,20,20,,20,True,1,64.01096609851669,64.01096609851669,0.0
1,A,A,21,21,,21,True,1,0.7547676350249477,0.7547676350249477,0.0
1,A,A,22,22,,22,True,1,35.269520585518734,35.269520585518734,0.0
1,A,A,23,23,,23,True,1,0.0,0.0,0.0
1,A,A,24,24,,24,True,1,134.78947386057712,134.78947386057712,0.0
1,A,A,25,25,,25,True,1,7.047498147883689,7.047498147883689,0.0
1,A,A,26,26,,26,True,1,61.09247888320932,61.09247888320932,0.0
1,A,A,27,27,,27,True,1,89.56346075766892,89.56346075766892,0.0
1,A,A,28,28,,28,True,1,67.32026089494592,82.97593758916362,15.655676694217703
1,A,A,29,29,,29,True,1,1.960321090916556,1.960321090916556,0.0
1,A,A,30,30,,30,True,1,3.3352823126591153,76.4401970305681,73.10491471790898
1,A,A,31,31,,31,True,1,23.644202269569934,48.80612365805237,25.161921388482437
1,A,A,32,32,,32,True,1,3.6906841445750334,13.31747305795493,9.626788913379896
1,A,A,33,33,,33,True,1,0.0,0.0,0.0
1,A,A,34,34,,34,True,1,0.12579460583749127,0.12579460583749127,0.0
1,A,A,35,35,,35,True,1,0.3417463758483147,0.3417463758483147,0.0
1,A,A,36,36,,36,True,1,0.0,0.0,0.0
1,A,A,37,37,,37,True,1,20.25253360476664,20.25253360476664,0.0
1,A,A,38,38,,38,True,1,16.150978882985743,16.150978882985743,0.0
1,A,A,39,39,,39,True,1,64.24628447823994,64.24628447823994,0.0
1,A,A,40,40,,40,True,1,59.672979040617435,59.672979040617435,0.0
1,A,A,41,41,,41,True,1,76.015083257669,76.015083257669,0.0
1,A,A,42,42,,42,True,1,115.2830776740166,115.2830776740166,0.0
1,A,A,43,43,,43,True,1,18.190922330710592,18.190922330710592,0.0
1,A,A,44,44,,44,True,1,3.013478505176401,3.013478505176401,0.0
1,A,A,45,45,,45,True,1,130.85855867076674,130.85855867076674,0.0
1,A,A,46,46,,46,True,1,6.956721828158213,6.956721828158213,0.0
1,A,A,47,47,,47,True,1,7.421881744411985,7.421881744411985,0.0
1,A,A,48,48,,48,True,1,0.7547676350249477,0.7547676350249477,0.0
1,A,A,49,49,,49,True,1,47.176794224133346,55.0858060894232,7.909011865289855
1,A,A,50,50,,50,True,1,20.22487188145178,41.415511232519115,21.190639351067336
1,A,A,51,51,,51,True,1,3.1306808551063243,3.1306808551063243,0.0
1,A,A,52,52,,52,True,1,63.44539564506643,63.44539564506643,0.0
1,A,A,53,53,,53,True,1,47.92774482408417,111.57981537785474,63.65207055377057
1,A,A,54,54,,54,True,1,68.60996191006393,68.60996191006393,0.0
1,A,A,55,55,,55,True,1,48.59595110952722,48.59595110952722,0.0
1,A,A,56,56,,56,True,1,100.48261187694379,100.48261187694379,0.0
1,A,A,57,57,,57,True,1,82.60707665072096,82.60707665072096,0.0
1,A,A,58,58,,58,True,1,22.872250122729852,22.872250122729852,0.0
1,A,A,59,59,,59,True,1,53.28939628621075,53.28939628621075,0.0
1,A,A,60,60,,60,True,1,102.7609210492659,102.7609210492659,0.0
1,A,A,61,61,,61,True,1,43.470760781451645,43.470760781451645,0.0
1,A,A,62,62,,62,True,1,9.20205474959313,9.20205474959313,0.0
1,A,A,63,63,,63,True,1,55.56807197767577,55.56807197767577,0.0
1,A,A,64,64,,64,True,1,10.217532686963981,10.217532686963981,0.0
1,A,A,65,65,,65,True,1,55.98128042341468,55.98128042341468,0.0
1,A,A,66,66,,66,True,1,94.10085386427008,98.20181037444986,4.100956510179785
1,A,A,67,67,,67,True,1,88.98470085106132,88.98470085106132,0.0
1,A,A,68,68,,68,True,1,45.21380539745511,45.21380539745511,0.0
1,A,A,69,69,,69,True,1,50.4291424177285,50.4291424177285,0.0
1,A,A,70,70,,70,True,1,40.54064051034743,40.54064051034743,0.0
1,A,A,71,71,,71,True,1,0.880562240862439,0.880562240862439,0.0
1,A,A,72,72,,72,True,1,30.038086829886517,30.038086829886517,0.0
1,A,A,73,73,,73,True,1,1.1444717317272495,1.1444717317272495,0.0
1,A,A,74,74,,74,True,1,16.655305296651207,16.655305296651207,0.0
1,A,A,75,75,,75,True,1,0.880562240862439,0.880562240862439,0.0
1,A,A,76,76,,76,True,1,60.14409489294364,60.14409489294364,0.0
1,A,A,77,77,,77,True,1,41.96579783770966,41.96579783770966,0.0
1,A,A,78,78,,78,True,1,0.12579460583749127,0.12579460583749127,0.0
1,A,A,79,79,,79,True,1,48.89316410051396,48.89316410051396,0.0
1,A,A,80,80,,80,True,1,25.52212069417977,25.52212069417977,0.0
1,A,A,81,81,,81,True,1,79.64339500709784,79.64339500709784,0.0
1,A,A,82,82,,82,True,1,2.6786475601568007,2.6786475601568007,0.0
1,A,A,83,83,,83,True,1,6.567824073570332,6.567824073570332,0.0
1,A,A,84,84,,84,True,1,1.5095352700498954,1.5095352700498954,0.0
1,A,A,85,85,,85,True,1,31.600718942772893,31.600718942772893,0.0
1,A,A,86,86,,86,True,1,0.0,0.0,0.0
1,A,A,87,87,,87,True,1,7.812722050457335,7.812722050457335,0.0
1,A,A,88,88,,88,True,1,0.0,0.0,0.0
1,A,A,89,89,,89,True,1,0.3348309450196001,0.3348309450196001,0.0
1,A,A,90,90,,90,True,1,0.0,0.0,0.0
1,A,A,91,91,,91,True,1,12.039844921605278,38.18487013516332,26.145025213558043
1,A,A,92,92,,92,True,1,43.31671409467981,116.55876849489654,73.24205440021673
1,A,A,93,93,,93,True,1,47.204345991705324,51.20140479684313,3.9970588051378044
1,A,A,94,94,,94,True,1,23.204576956605155,47.39256535256658,24.187988395961423
1,A,A,95,95,,95,True,1,25.619546718355345,25.619546718355345,0.0
1,A,A,96,96,,96,True,1,5.348702864406032,5.348702864406032,0.0
1,A,A,97,97,,97,True,1,27.04584025506062,27.04584025506062,0.0
1,A,A,98,98,,98,True,1,28.321817746270202,28.321817746270202,0.0
1,A,A,99,99,,99,True,1,3.070215668500232,3.070215668500232,0.0
1,A,A,100,100,,100,True,1,132.6185273081945,132.6185273081945,0.0
1,A,A,101,101,,101,True,1,5.065017047786875,5.065017047786875,0.0
1,A,A,102,102,,102,True,1,0.0,0.0,0.0
1,A,A,103,103,,103,True,1,50.618453482036884,50.618453482036884,0.0
1,A,A,104,104,,104,True,1,0.0,0.0,0.0
1,A,A,105,105,,105,True,1,55.88353500398598,55.88353500398598,0.0
1,A,A,106,106,,106,True,1,1.229577476712997,1.229577476712997,0.0
1,A,A,107,107,,107,True,1,101.12678236059301,101.12678236059301,0.0
1,A,A,108,108,,108,True,1,93.81567840913435,93.81567840913435,0.0
1,A,A,109,109,,109,True,1,95.26825267738383,95.26825267738383,0.0
1,A,A,110,110,,110,True,1,83.09930793267009,83.09930793267009,0.0
1,A,A,111,111,,111,True,1,13.83740664212404,13.83740664212404,0.0
1,A,A,112,112,,112,True,1,51.454478411046935,51.454478411046935,0.0
1,A,A,113,113,,113,True,1,11.678394214834258,11.678394214834258,0.0
1,A,A,114,114,,114,True,1,45.8565189675112,45.8565189675112,0.0
1,A,A,115,115,,115,True,1,11.083212941626979,11.083212941626979,0.0
1,A,A,116,116,,116,True,1,4.025427386799721,4.025427386799721,0.0
1,A,A,117,117,,117,True,1,0.0,0.0,0.0
1,A,A,118,118,,118,True,1,0.5031784233499651,0.5031784233499651,0.0
1,A,A,119,119,,119,True,1,42.68992447238659,42.68992447238659,0.0
1,A,A,120,120,,120,True,1,14.48283638082855,14.48283638082855,0.0
1,A,A,121,121,,121,True,1,17.414350733672798,17.414350733672798,0.0
1,A,A,122,122,,122,True,1,122.71024907505907,122.71024907505907,0.0
1,A,A,123,123,,123,True,1,89.46260777950704,89.46260777950704,0.0
1,A,A,124,124,,124,True,1,4.2660197151902,4.2660197151902,0.0
1,A,A,125,125,,125,True,1,26.54266183171066,26.54266183171066,0.0
1,A,A,126,126,,126,True,1,142.6211174617876,142.6211174617876,0.0
1,A,A,127,127,,127,True,1,95.67986414685717,95.67986414685717,0.0
1,A,A,128,128,,128,True,1,31.26449784300408,31.26449784300408,0.0
1,A,A,129,129,,129,True,1,42.05131198974037,42.05131198974037,0.0
1,A,A,130,130,,130,True,1,0.349015235850558,0.349015235850558,0.0
1,A,A,131,131,,131,True,1,4.017971340235201,4.017971340235201,0.0
1,A,A,132,132,,132,True,1,0.5031784233499651,0.5031784233499651,0.0
1,A,A,133,133,,133,True,1,4.025427386799721,4.025427386799721,0.0
1,A,A,134,134,,134,True,1,0.0,0.0,0.0
1,A,A,135,135,,135,True,1,3.3964543576122646,3.3964543576122646,0.0
1,A,A,136,136,,136,True,1,0.25158921167498255,0.25158921167498255,0.0
1,A,A,137,137,,137,True,1,6.546271438969767,6.546271438969767,0.0
1,A,A,138,138,,138,True,1,55.26004928996681,55.26004928996681,0.0
1,A,A,139,139,,139,True,1,0.25158921167498255,0.25158921167498255,0.0
1,A,A,140,140,,140,True,1,24.16715701867425,24.16715701867425,0.0
1,A,A,141,141,,141,True,1,30.819678430185363,30.819678430185363,0.0
1,A,A,142,142,,142,True,1,131.48050762237958,131.48050762237958,0.0
1,A,A,143,143,,143,True,1,141.35568132292775,141.35568132292775,0.0
1,A,A,144,144,,144,True,1,20.376563682730364,20.376563682730364,0.0
1,A,A,145,145,,145,True,1,108.23352832792952,108.23352832792952,0.0
1,A,A,146,146,,146,True,1,24.60037217362877,24.60037217362877,0.0
1,A,A,147,147,,147,True,1,50.0473067016265,50.0473067016265,0.0
1,A,A,148,148,,148,True,1,5.520600342434955,5.520600342434955,0.0
1,A,A,149,149,,149,True,1,63.69647827492602,63.69647827492602,0.0
1,A,A,150,150,,150,True,1,2.864907352600383,2.864907352600383,0.0
1,A,A,151,151,,151,True,1,67.70750015041209,67.70750015041209,0.0
1,A,A,152,152,,152,True,1,121.83445027405764,121.83445027405764,0.0
1,A,A,153,153,,153,True,1,46.292414948196786,46.292414948196786,0.0
1,A,A,154,154,,154,True,1,111.28882274032213,111.28882274032213,0.0
1,A,A,155,155,,155,True,1,55.826822711604,55.826822711604,0.0
1,A,A,156,156,,156,True,1,100.28936989482762,100.28936989482762,0.0
1,A,A,157,157,,157,True,1,91.91843395371717,91.91843395371717,0.0
1,A,A,158,158,,158,True,1,30.612588569451542,30.612588569451542,0.0
1,A,A,159,159,,159,True,1,48.25267058926639,48.25267058926639,0.0
1,A,A,160,160,,160,True,1,69.73361404547646,69.73361404547646,0.0
1,A,A,161,161,,161,True,1,87.09582481307515,87.09582481307515,0.0
1,A,A,162,162,,162,True,1,10.830656381214078,10.830656381214078,0.0
1,A,A,163,163,,163,True,1,25.86252011217786,25.86252011217786,0.0
1,A,A,164,164,,164,True,1,13.312587881378597,13.312587881378597,0.0
1,A,A,165,165,,165,True,1,99.4931738156804,99.4931738156804,0.0
1,A,A,166,166,,166,True,1,6.585008585385468,6.585008585385468,0.0
1,A,A,167,167,,167,True,1,46.46944369422657,46.46944369422657,0.0
1,A,A,168,168,,168,True,1,53.47309568064166,53.47309568064166,0.0
1,A,A,169,169,,169,True,1,168.97356894829284,168.97356894829284,0.0
1,A,A,170,170,,170,True,1,59.89323348356673,59.89323348356673,0.0
1,A,A,171,171,,171,True,1,4.312113424403058,4.312113424403058,0.0
1,A,A,172,172,,172,True,1,6.939615856159416,6.939615856159416,0.0
1,A,A,173,173,,173,True,1,22.29628623358397,22.29628623358397,0.0
1,A,A,174,174,,174,True,1,0.11161031500653336,0.11161031500653336,0.0
1,A,A,175,175,,175,True,1,3.8996327809622295,3.8996327809622295,0.0
1,A,A,176,176,,176,True,1,10.66344511222676,10.66344511222676,0.0
1,A,A,177,177,,177,True,1,1.2277134650718668,1.2277134650718668,0.0
1,A,A,178,178,,178,True,1,20.35894981991924,20.35894981991924,0.0
1,A,A,179,179,,179,True,1,0.0,0.0,0.0
1,A,A,180,180,,180,True,1,48.17415040788073,48.17415040788073,0.0
1,A,A,181,181,,181,True,1,20.713557090693186,20.713557090693186,0.0
1,A,A,182,182,,182,True,1,50.54902166639867,50.54902166639867,0.0
1,A,A,183,183,,183,True,1,77.76384295430813,77.76384295430813,0.0
1,A,A,184,184,,184,True,1,69.45598233970014,69.45598233970014,0.0
1,A,A,185,185,,185,True,1,72.60230570822748,72.60230570822748,0.0
1,A,A,186,186,,186,True,1,7.885507516253254,7.885507516253254,0.0
1,A,A,187,187,,187,True,1,86.32251000042159,86.32251000042159,0.0
1,A,A,188,188,,188,True,1,140.56363738207102,140.56363738207102,0.0
1,A,A,189,189,,189,True,1,55.51832354900924,55.51832354900924,0.0
1,A,A,190,190,,190,True,1,49.94471275753577,49.94471275753577,0.0
1,A,A,191,191,,191,True,1,42.64437137890954,42.64437137890954,0.0
1,A,A,192,192,,192,True,1,0.5031784233499651,0.5031784233499651,0.0
1,A,A,193,193,,193,True,1,7.485975470532973,7.485975470532973,0.0
1,A,A,194,194,,194,True,1,0.0,0.0,0.0
1,A,A,195,195,,195,True,1,43.239472803303535,43.239472803303535,0.0
1,A,A,196,196,,196,True,1,0.0,0.0,0.0
1,A,A,197,197,,197,True,1,39.6813101998355,39.6813101998355,0.0
1,A,A,198,198,,198,True,1,9.835638065999728,9.835638065999728,0.0
1,A,A,199,199,,199,True,1,116.39990862638003,116.39990862638003,0.0
1,A,A,200,200,,200,True,1,26.58116728566816,26.58116728566816,0.0
1,A,A,201,201,,201,True,1,37.026575395760275,37.026575395760275,0.0
1,A,A,202,202,,202,True,1,128.25605415355437,128.25605415355437,0.0
1,A,A,203,203,,203,True,1,82.12877702319355,82.12877702319355,0.0
1,A,A,204,204,,204,True,1,62.45888057396779,62.45888057396779,0.0
1,A,A,205,205,,205,True,1,43.273344408097,43.273344408097,0.0
1,A,A,206,206,,206,True,1,85.33964441278889,85.33964441278889,0.0
1,A,A,207,207,,207,True,1,41.66353997252004,41.66353997252004,0.0
1,A,A,208,208,,208,True,1,39.893389956900776,39.893389956900776,0.0
1,A,A,209,209,,209,True,1,15.850120335523899,15.850120335523899,0.0
1,A,A,210,210,,210,True,1,75.99219151919986,75.99219151919986,0.0
1,A,A,211,211,,211,True,1,88.35899246023975,88.35899246023975,0.0
1,A,A,212,212,,212,True,1,76.91759999519229,76.91759999519229,0.0
1,A,A,213,213,,213,True,1,141.37694728719867,141.37694728719867,0.0
1,A,A,214,214,,214,True,1,169.57326756993658,169.57326756993658,0.0
1,B,B,1,1,,1,True,1,187.82212479617016,187.82212479617016,0.0
1,B,B,2,2,,2,True,1,24.282779409298804,24.282779409298804,0.0
1,B,B,3,3,,3,True,1,95.38695382880891,95.38695382880891,0.0
1,B,B,4,4,,4,True,1,6.148238194744636,6.148238194744636,0.0
1,B,B,5,5,,5,True,1,61.27429332204808,61.27429332204808,0.0
1,B,B,6,6,,6,True,1,9.263656145542269,9.263656145542269,0.0
1,B,B,7,7,,7,True,1,56.840930129179725,56.840930129179725,0.0
1,B,B,8,8,,8,True,1,26.45621829185326,26.45621829185326,0.0
1,B,B,9,9,,9,True,1,14.851627942433456,14.851627942433456,0.0
1,B,B,10,10,,10,True,1,13.208433612936584,13.208433612936584,0.0
1,B,B,11,11,,11,True,1,53.34615308448868,53.34615308448868,0.0
1,B,B,12,12,,12,True,1,6.541319503549547,6.541319503549547,0.0
1,B,B,13,13,,13,True,1,124.46139507311801,124.46139507311801,0.0
1,B,B,14,14,,14,True,1,67.4860545202483,67.4860545202483,0.0
1,B,B,15,15,,15,True,1,46.84934078586192,46.84934078586192,0.0
1,B,B,16,16,,16,True,1,17.233860999736304,17.233860999736304,0.0
1,B,B,17,17,,17,True,1,65.578792311257,65.578792311257,0.0
1,B,B,18,18,,18,True,1,34.785710080878154,34.785710080878154,0.0
1,B,B,19,19,,19,True,1,125.91645381755772,125.91645381755772,0.0
1,B,B,20,20,,20,True,1,0.0,0.0,0.0
1,B,B,21,21,,21,True,1,24.381785392779747,24.381785392779747,0.0
1,B,B,22,22,,22,True,1,1.7419921824645164,1.7419921824645164,0.0
1,B,B,23,23,,23,True,1,38.272675031837274,38.272675031837274,0.0
1,B,B,24,24,,24,True,1,13.47834354576975,13.47834354576975,0.0
1,B,B,25,25,,25,True,1,56.98690946781653,56.98690946781653,0.0
1,B,B,26,26,,26,True,1,68.3440745248243,68.3440745248243,0.0
1,B,B,27,27,,27,True,1,25.078601115321476,25.078601115321476,0.0
1,B,B,28,28,,28,True,1,88.31756794310829,88.31756794310829,0.0
1,B,B,29,29,,29,True,1,1.383740664212404,1.383740664212404,0.0
1,B,B,30,30,,30,True,1,32.915975505130916,32.915975505130916,0.0
1,B,B,31,31,,31,True,1,87.37587554519473,87.37587554519473,0.0
1,B,B,32,32,,32,True,1,4.032155631066159,4.032155631066159,0.0
1,B,B,33,33,,33,True,1,21.138766420368807,47.89946525421411,26.7606988338453
1,B,B,34,34,,34,True,1,1.1321514525374214,1.1321514525374214,0.0
1,B,B,35,35,,35,True,1,0.37738381751247385,0.37738381751247385,0.0
1,B,B,36,36,,36,True,1,0.0,0.0,0.0
1,B,B,37,37,,37,True,1,0.12579460583749127,0.12579460583749127,0.0
1,B,B,38,38,,38,True,1,16.254804593196074,16.254804593196074,0.0
1,B,B,39,39,,39,True,1,24.337199648040617,24.337199648040617,0.0
1,B,B,40,40,,40,True,1,30.909832976364818,30.909832976364818,0.0
1,B,B,41,41,,41,True,1,90.66666374290044,90.66666374290044,0.0
1,B,B,42,42,,42,True,1,83.39589260512614,83.39589260512614,0.0
1,B,B,43,43,,43,True,1,128.06686613495827,128.06686613495827,0.0
1,B,B,44,44,,44,True,1,27.0683432214389,27.0683432214389,0.0
1,B,B,45,45,,45,True,1,13.644827012458986,13.644827012458986,0.0
1,B,B,46,46,,46,True,1,68.40098578474101,68.40098578474101,0.0
1,B,B,47,47,,47,True,1,14.470800153974485,14.470800153974485,0.0
1,B,B,48,48,,48,True,1,0.25158921167498255,0.25158921167498255,0.0
1,B,B,49,49,,49,True,1,0.0,0.0,0.0
1,B,B,50,50,,50,True,1,1.3669855033932587,30.643258367732216,29.276272864338956
1,B,B,51,51,,51,True,1,4.025427386799721,4.025427386799721,0.0
1,B,B,52,52,,52,True,1,42.93933027716733,45.455222393917154,2.515892116749825
1,B,B,53,53,,53,True,1,18.44407055773992,18.44407055773992,0.0
1,B,B,54,54,,54,True,1,93.17506708816228,93.17506708816228,0.0
1,B,B,55,55,,55,True,1,75.37901153808139,75.37901153808139,0.0
1,B,B,56,56,,56,True,1,39.63340745685295,39.63340745685295,0.0
1,B,B,57,57,,57,True,1,89.29261881901519,155.44194137312428,66.14932255410909
1,B,B,58,58,,58,True,1,48.27915159734228,50.95779915749908,2.6786475601568043
1,B,B,59,59,,59,True,1,49.56785253879891,103.72769906451836,54.15984652571945
1,B,B,60,60,,60,True,1,50.39065921671897,50.39065921671897,0.0
1,B,B,61,61,,61,True,1,12.453665977911635,12.453665977911635,0.0
1,B,B,62,62,,62,True,1,143.06873420106496,143.06873420106496,0.0
1,B,B,63,63,,63,True,1,50.820722307044385,50.820722307044385,0.0
1,B,B,64,64,,64,True,1,0.25158921167498255,0.25158921167498255,0.0
1,B,B,65,65,,65,True,1,145.42461322299502,145.42461322299502,0.0
1,B,B,66,66,,66,True,1,79.68932901868413,79.68932901868413,0.0
1,B,B,67,67,,67,True,1,42.22425142933274,42.22425142933274,0.0
1,B,B,68,68,,68,True,1,3.9063610252286676,3.9063610252286676,0.0
1,B,B,69,69,,69,True,1,62.142215888467575,62.142215888467575,0.0
1,B,B,70,70,,70,True,1,6.808229215398535,6.808229215398535,0.0
1,B,B,71,71,,71,True,1,38.02433998655264,38.02433998655264,0.0
1,B,B,72,72,,72,True,1,39.63222674161398,39.63222674161398,0.0
1,B,B,73,73,,73,True,1,41.23307894712515,41.23307894712515,0.0
1,B,B,74,74,,74,True,1,82.39223229212053,82.39223229212053,0.0
1,B,B,75,75,,75,True,1,106.12095780303835,106.12095780303835,0.0
1,B,B,76,76,,76,True,1,135.51664391313722,135.51664391313722,0.0
1,B,B,77,77,,77,True,1,26.36100709049846,26.36100709049846,0.0
1,B,B,78,78,,78,True,1,11.726539122250522,11.726539122250522,0.0
1,B,B,79,79,,79,True,1,1.120272305316035,1.120272305316035,0.0
1,B,B,80,80,,80,True,1,25.52812113614813,25.52812113614813,0.0
1,B,B,81,81,,81,True,1,0.0,0.0,0.0
1,B,B,82,82,,82,True,1,53.94429530877197,53.94429530877197,0.0
1,B,B,83,83,,83,True,1,0.0,0.0,0.0
1,B,B,84,84,,84,True,1,57.10947346920858,57.10947346920858,0.0
1,B,B,85,85,,85,True,1,36.72508591177384,36.72508591177384,0.0
1,B,B,86,86,,86,True,1,0.11161031500653336,0.11161031500653336,0.0
1,B,B,87,87,,87,True,1,124.66562870253094,124.66562870253094,0.0
1,B,B,88,88,,88,True,1,73.88031999867412,73.88031999867412,0.0
1,B,B,89,89,,89,True,1,156.51165105367772,156.51165105367772,0.0
1,B,B,90,90,,90,True,1,0.8928825200522669,0.8928825200522669,0.0
1,B,B,91,91,,91,True,1,29.114563309486233,29.114563309486233,0.0
1,B,B,92,92,,92,True,1,1.2579460583749127,1.2579460583749127,0.0
1,B,B,93,93,,93,True,1,38.35547563321345,38.35547563321345,0.0
1,B,B,94,94,,94,True,1,0.0,0.0,0.0
1,B,B,95,95,,95,True,1,10.170722956425493,10.170722956425493,0.0
1,B,B,96,96,,96,True,1,0.0,0.0,0.0
1,B,B,97,97,,97,True,1,0.12579460583749127,0.12579460583749127,0.0
1,B,B,98,98,,98,True,1,26.907806527843533,26.907806527843533,0.0
1,B,B,99,99,,99,True,1,1.761124481724878,15.72432572968641,13.963201247961532
1,B,B,100,100,,100,True,1,5.470769446961264,5.470769446961264,0.0
1,B,B,101,101,,101,True,1,27.50575632957678,30.399032263839082,2.8932759342623022
1,B,B,102,102,,102,True,1,100.9060985666477,108.72317434092415,7.8170757742764465
1,B,B,103,103,,103,True,1,7.626383718197413,73.28408236493706,65.65769864673965
1,B,B,104,104,,104,True,1,33.964543576122644,40.128479262159715,6.163935686037071
1,B,B,105,105,,105,True,1,20.627355715269502,88.6017092906622,67.9743535753927
1,B,B,106,106,,106,True,1,1.965197104514315,1.965197104514315,0.0
1,B,B,107,107,,107,True,1,0.0,0.0,0.0
1,B,B,108,108,,108,True,1,18.97375355111067,18.97375355111067,0.0
1,B,B,109,109,,109,True,1,58.4187950394452,58.4187950394452,0.0
1,B,B,110,110,,110,True,1,28.6378541132397,28.6378541132397,0.0
1,B,B,111,111,,111,True,1,1.7469401908939197,1.7469401908939197,0.0
1,B,B,112,112,,112,True,1,96.69325947009808,96.69325947009808,0.0
1,B,B,113,113,,113,True,1,17.38470457099842,17.38470457099842,0.0
1,B,B,114,114,,114,True,1,21.76246680988599,21.76246680988599,0.0
1,B,B,115,115,,115,True,1,39.18522915788877,39.18522915788877,0.0
1,B,B,116,116,,116,True,1,0.0,0.0,0.0
1,B,B,117,117,,117,True,1,13.795989978974214,13.795989978974214,0.0
1,B,B,118,118,,118,True,1,12.960980831588827,12.960980831588827,0.0
1,B,B,119,119,,119,True,1,28.04328545059987,28.04328545059987,0.0
1,B,B,120,120,,120,True,1,97.08020289225604,97.08020289225604,0.0
1,B,B,121,121,,121,True,1,47.23014370337905,47.23014370337905,0.0
1,B,B,122,122,,122,True,1,85.40069079403588,85.40069079403588,0.0
1,B,B,123,123,,123,True,1,61.78676955065573,61.78676955065573,0.0
1,B,B,124,124,,124,True,1,107.88778951141727,107.88778951141727,0.0
1,B,B,125,125,,125,True,1,31.802414427121118,31.802414427121118,0.0
1,B,B,126,126,,126,True,1,15.9621390575754,15.9621390575754,0.0
1,B,B,127,127,,127,True,1,48.84049268168265,48.84049268168265,0.0
1,B,B,128,128,,128,True,1,17.416720018132377,17.416720018132377,0.0
1,B,B,129,129,,129,True,1,21.259288386536028,21.259288386536028,0.0
1,B,B,130,130,,130,True,1,29.74912837359708,29.74912837359708,0.0
1,B,B,131,131,,131,True,1,4.654400415987177,4.654400415987177,0.0
1,B,B,132,132,,132,True,1,34.92674664707331,34.92674664707331,0.0
1,B,B,133,133,,133,True,1,4.577886926908998,4.577886926908998,0.0
1,B,B,134,134,,134,True,1,44.8059978730865,44.8059978730865,0.0
1,B,B,135,135,,135,True,1,86.22453681552551,86.22453681552551,0.0
1,B,B,136,136,,136,True,1,71.70646354609613,71.70646354609613,0.0
1,B,B,137,137,,137,True,1,0.0,0.0,0.0
1,B,B,138,138,,138,True,1,46.89727756276488,46.89727756276488,0.0
1,B,B,139,139,,139,True,1,51.10138695872834,51.10138695872834,0.0
1,B,B,140,140,,140,True,1,78.22309013138846,78.22309013138846,0.0
1,B,B,141,141,,141,True,1,54.53463722029578,54.53463722029578,0.0
1,B,B,142,142,,142,True,1,44.24655745230155,44.24655745230155,0.0
1,B,B,143,143,,143,True,1,0.0,0.0,0.0
1,B,B,144,144,,144,True,1,1.383740664212404,1.383740664212404,0.0
1,B,B,145,145,,145,True,1,0.5031784233499651,0.5031784233499651,0.0
1,B,B,146,146,,146,True,1,0.0,0.0,0.0
1,B,B,147,147,,147,True,1,0.0,0.0,0.0
1,B,B,148,148,,148,True,1,8.93141701446188,8.93141701446188,0.0
1,B,B,149,149,,149,True,1,0.0,0.0,0.0
1,B,B,150,150,,150,True,1,14.061866892238339,14.061866892238339,0.0
1,B,B,151,151,,151,True,1,42.6888772748354,42.6888772748354,0.0
1,B,B,152,152,,152,True,1,0.0,0.0,0.0
1,B,B,153,153,,153,True,1,20.75610996318606,20.75610996318606,0.0
1,B,B,154,154,,154,True,1,0.880562240862439,0.880562240862439,0.0
1,B,B,155,155,,155,True,1,44.7059800349717,44.7059800349717,0.0
1,B,B,156,156,,156,True,1,63.36838473715142,63.36838473715142,0.0
1,B,B,157,157,,157,True,1,19.491116265291595,19.491116265291595,0.0
1,B,B,158,158,,158,True,1,80.02450684789257,80.02450684789257,0.0
1,B,B,159,159,,159,True,1,26.964935081252115,26.964935081252115,0.0
1,B,B,160,160,,160,True,1,40.69925952342717,40.69925952342717,0.0
1,B,B,161,161,,161,True,1,2.6249315617681717,2.6249315617681717,0.0
1,B,B,162,162,,162,True,1,38.95632355416966,38.95632355416966,0.0
1,B,B,163,163,,163,True,1,103.49404180191067,103.49404180191067,0.0
1,B,B,164,164,,164,True,1,41.23567076106437,41.23567076106437,0.0
1,B,B,165,165,,165,True,1,90.15298454610584,90.15298454610584,0.0
1,B,B,166,166,,166,True,1,34.30796677704981,34.30796677704981,0.0
1,B,B,167,167,,167,True,1,93.69418254924452,93.69418254924452,0.0
1,B,B,168,168,,168,True,1,92.33391350914525,92.33391350914525,0.0
1,B,B,169,169,,169,True,1,35.77211650523085,35.77211650523085,0.0
1,B,B,170,170,,170,True,1,39.92142867133406,39.92142867133406,0.0
1,B,B,171,171,,171,True,1,23.202232543087412,23.202232543087412,0.0
1,B,B,172,172,,172,True,1,57.084982136479965,57.084982136479965,0.0
1,B,B,173,173,,173,True,1,4.76041869607032,4.76041869607032,0.0
1,B,B,174,174,,174,True,1,61.67321799318867,61.67321799318867,0.0
1,B,B,175,175,,175,True,1,32.036789020051366,32.036789020051366,0.0
1,B,B,176,176,,176,True,1,26.039483408360695,26.039483408360695,0.0
1,B,B,177,177,,177,True,1,100.10358265027901,100.10358265027901,0.0
1,B,B,178,178,,178,True,1,28.641087335679025,28.641087335679025,0.0
1,B,B,179,179,,179,True,1,131.10934808531198,131.10934808531198,0.0
1,B,B,180,180,,180,True,1,78.09150321409591,78.09150321409591,0.0
1,B,B,181,181,,181,True,1,32.47183938871436,32.47183938871436,0.0
1,B,B,182,182,,182,True,1,28.55537552511052,28.55537552511052,0.0
1,B,B,183,183,,183,True,1,55.17764007867538,55.17764007867538,0.0
1,B,B,184,184,,184,True,1,10.633212518923715,10.633212518923715,0.0
1,B,B,185,185,,185,True,1,10.818336102024249,10.818336102024249,0.0
1,B,B,186,186,,186,True,1,6.826062989695414,6.826062989695414,0.0
1,B,B,187,187,,187,True,1,0.0,0.0,0.0
1,B,B,188,188,,188,True,1,5.4091680510121245,5.4091680510121245,0.0
1,B,B,189,189,,189,True,1,1.8869190875623691,1.8869190875623691,0.0
1,B,B,190,190,,190,True,1,39.74404780512769,39.74404780512769,0.0
1,B,B,191,191,,191,True,1,4.9059896276621595,4.9059896276621595,0.0
1,B,B,192,192,,192,True,1,68.7383745097794,68.7383745097794,0.0
1,B,B,193,193,,193,True,1,40.67129934881023,40.67129934881023,0.0
1,B,B,194,194,,194,True,1,99.7789461734203,99.7789461734203,0.0
1,B,B,195,195,,195,True,1,8.176649379436933,8.176649379436933,0.0
1,B,B,196,196,,196,True,1,45.626161686186734,45.626161686186734,0.0
1,B,B,197,197,,197,True,1,80.90657705322872,80.90657705322872,0.0
1,B,B,198,198,,198,True,1,118.1151802543288,118.1151802543288,0.0
1,B,B,199,199,,199,True,1,102.78940874964927,102.78940874964927,0.0
1,B,B,200,200,,200,True,1,88.85084151508269,88.85084151508269,0.0
1,B,B,201,201,,201,True,1,11.055288109927382,11.055288109927382,0.0
1,B,B,202,202,,202,True,1,53.71429669260877,53.71429669260877,0.0
1,B,B,203,203,,203,True,1,0.0,0.0,0.0
1,B,B,204,204,,204,True,1,19.61650246408412,19.61650246408412,0.0
1,B,B,205,205,,205,True,1,6.3248271178029185,6.3248271178029185,0.0
1,B,B,206,206,,206,True,1,59.848421282357165,59.848421282357165,0.0
1,B,B,207,207,,207,True,1,0.4556618344644196,0.4556618344644196,0.0
1,B,B,208,208,,208,True,1,127.58230426607473,127.58230426607473,0.0
1,B,B,209,209,,209,True,1,42.70378936796443,42.70378936796443,0.0
1,B,B,210,210,,210,True,1,36.61750338034859,36.61750338034859,0.0
1,B,B,211,211,,211,True,1,115.54250777735618,115.54250777735618,0.0
1,B,B,212,212,,212,True,1,29.86373890958779,29.86373890958779,0.0
1,B,B,213,213,,213,True,1,147.85325938476382,147.85325938476382,0.0
1,B,B,214,214,,214,True,1,36.53761398816474,36.53761398816474,0.0
1,B,B,215,215,,215,True,1,115.85386317127181,115.85386317127181,0.0
1,B,B,216,216,,216,True,1,63.84753652168614,63.84753652168614,0.0
1,B,B,217,217,,217,True,1,48.8079274558343,48.8079274558343,0.0
1,B,B,218,218,,218,True,1,7.268854766255626,7.268854766255626,0.0
1,B,B,219,219,,219,True,1,126.82121417583441,126.82121417583441,0.0
1,B,B,220,220,,220,True,1,124.28038435839977,124.28038435839977,0.0
1,C,C,1,1,,23,True,1,110.34615252169517,110.34615252169517,0.0
1,C,C,2,2,,24,True,1,106.03798834105706,106.03798834105706,0.0
1,C,C,3,3,,25,True,1,52.20232407025847,52.20232407025847,0.0
1,C,C,4,4,,26,True,1,5.786551868524599,5.786551868524599,0.0
1,C,C,5,5,,27,True,1,58.757912949440005,58.757912949440005,0.0
1,C,C,6,6,,28,True,1,3.810799012694222,3.810799012694222,0.0
1,C,C,7,7,,29,True,1,5.038512477766089,5.038512477766089,0.0
1,C,C,8,8,,30,True,1,62.22141020327682,62.22141020327682,0.0
1,C,C,9,9,,31,True,1,4.400716809209802,4.400716809209802,0.0
1,C,C,10,10,,32,True,1,94.17679924867674,94.17679924867674,0.0
1,C,C,11,11,,33,True,1,66.22316568943174,66.22316568943174,0.0
1,C,C,12,12,,34,True,1,114.32059840471183,114.32059840471183,0.0
1,C,C,13,13,,35,True,1,130.41305596154587,130.41305596154587,0.0
1,C,C,14,14,,36,True,1,18.59596132655323,18.59596132655323,0.0
1,C,C,15,15,,37,True,1,59.86433999413228,59.86433999413228,0.0
1,C,C,16,16,,38,True,1,7.25237449479367,7.25237449479367,0.0
1,C,C,17,17,,39,True,1,85.08457065126228,85.08457065126228,0.0
1,C,C,18,18,,40,True,1,108.65928481832563,108.65928481832563,0.0
1,C,C,19,19,,41,True,1,7.8550209775440445,7.8550209775440445,0.0
1,C,C,20,20,,42,True,1,6.142304511620168,6.142304511620168,0.0
1,C,C,21,21,,43,True,1,46.432834976833675,46.432834976833675,0.0
1,C,C,22,22,,44,True,1,57.12356874824768,57.12356874824768,0.0
1,C,C,23,23,,45,True,1,0.5031784233499651,0.5031784233499651,0.0
1,C,C,24,24,,46,True,1,0.0,0.0,0.0
1,C,C,25,25,,47,True,1,94.86649533686727,94.86649533686727,0.0
1,C,C,26,26,,48,True,1,48.63081624299737,48.63081624299737,0.0
1,C,C,27,27,,49,True,1,19.87554772232362,19.87554772232362,0.0
1,C,C,28,28,,50,True,1,0.0,0.0,0.0
1,C,C,29,29,,51,True,1,117.82660402514557,117.82660402514557,0.0
1,C,C,30,30,,52,True,1,39.195138264716974,39.195138264716974,0.0
1,C,C,31,31,,53,True,1,0.0,0.0,0.0
1,C,C,32,32,,54,True,1,52.942097145347226,52.942097145347226,0.0
1,C,C,33,33,,55,True,1,37.4867925395724,37.4867925395724,0.0
1,C,C,34,34,,56,True,1,0.0,0.0,0.0
1,C,C,35,35,,57,True,1,20.0804005072887,20.0804005072887,0.0
1,C,C,36,36,,58,True,1,8.895779572797721,8.895779572797721,0.0
1,C,C,37,37,,59,True,1,1.025239127544944,1.025239127544944,0.0
1,C,C,38,38,,60,True,1,0.0,0.0,0.0
1,C,C,39,39,,61,True,1,0.0,0.0,0.0
1,C,C,40,40,,62,True,1,0.0,0.0,0.0
1,C,C,41,41,,63,True,1,0.0,0.0,0.0
1,C,C,42,42,,64,True,1,62.692811416935726,62.692811416935726,0.0
1,C,C,43,43,,65,True,1,0.37738381751247385,0.37738381751247385,0.0
1,C,C,44,44,,66,True,1,38.996327809622294,38.996327809622294,0.0
1,C,C,45,45,,67,True,1,61.6742429377919,61.6742429377919,0.0
1,C,C,46,46,,68,True,1,127.95462750142103,127.95462750142103,0.0
1,C,C,47,47,,69,True,1,17.944620157672215,17.944620157672215,0.0
1,C,C,48,48,,70,True,1,85.70777493093958,85.70777493093958,0.0
1,C,C,49,49,,71,True,1,6.407899990542406,6.407899990542406,0.0
1,C,C,50,50,,72,True,1,69.45217708559849,69.45217708559849,0.0
1,C,C,51,51,,73,True,1,13.653186266911412,13.653186266911412,0.0
1,C,C,52,52,,74,True,1,0.11161031500653336,0.11161031500653336,0.0
1,C,C,53,53,,75,True,1,94.94337403609143,94.94337403609143,0.0
1,C,C,54,54,,76,True,1,53.65992095976289,53.65992095976289,0.0
1,C,C,55,55,,77,True,1,0.3348309450196001,0.3348309450196001,0.0
1,C,C,56,56,,78,True,1,71.49690491713537,71.49690491713537,0.0
1,C,C,57,57,,79,True,1,34.966125201989115,34.966125201989115,0.0
1,C,C,58,58,,80,True,1,1.0895985800445478,1.0895985800445478,0.0
1,C,C,59,59,,81,True,1,46.43749631493345,46.43749631493345,0.0
1,C,C,60,60,,82,True,1,0.0,0.0,0.0
1,C,C,61,61,,83,True,1,5.255004863512718,5.255004863512718,0.0
1,C,C,62,62,,84,True,1,2.627502431756359,2.627502431756359,0.0
1,C,C,63,63,,85,True,1,0.0,0.0,0.0
1,C,C,64,64,,86,True,1,5.031784233499652,5.031784233499652,0.0
1,C,C,65,65,,87,True,1,0.12579460583749127,0.12579460583749127,0.0
1,C,C,66,66,,88,True,1,62.70562256997768,62.70562256997768,0.0
1,C,C,67,67,,89,True,1,2.9953122456570176,2.9953122456570176,0.0
1,C,C,68,68,,90,True,1,53.66727621356311,53.66727621356311,0.0
1,C,C,69,69,,91,True,1,6.1762559652269005,6.1762559652269005,0.0
1,C,C,70,70,,92,True,1,78.74182336536452,78.74182336536452,0.0
1,C,C,71,71,,93,True,1,101.77959615103038,101.77959615103038,0.0
1,C,C,72,72,,94,True,1,4.0826056820919945,4.0826056820919945,0.0
1,C,C,73,73,,95,True,1,23.186896334950134,23.186896334950134,0.0
1,C,C,74,74,,96,True,1,1.3837406642124042,1.3837406642124042,0.0
1,C,C,75,75,,97,True,1,47.81901822933425,47.81901822933425,0.0
1,C,C,76,76,,98,True,1,137.8104843341405,137.8104843341405,0.0
1,C,C,77,77,,99,True,1,1.6353298758873867,1.6353298758873867,0.0
1,C,C,78,78,,100,True,1,45.02373511492212,45.02373511492212,0.0
1,C,C,79,79,,101,True,1,0.3631995266815159,0.3631995266815159,0.0
1,C,C,80,80,,102,True,1,1.6353298758873867,1.6353298758873867,0.0
1,C,C,81,81,,103,True,1,19.484240104371047,19.484240104371047,0.0
1,C,C,82,82,,104,True,1,3.459919765202534,3.459919765202534,0.0
1,C,C,83,83,,105,True,1,83.6852791034146,83.6852791034146,0.0
1,C,C,84,84,,106,True,1,69.05959450462734,69.05959450462734,0.0
1,C,C,85,85,,107,True,1,46.967455506658325,46.967455506658325,0.0
1,C,C,86,86,,108,True,1,10.315157678674286,10.315157678674286,0.0
1,C,C,87,87,,109,True,1,119.1827156909666,119.1827156909666,0.0
1,C,C,88,88,,110,True,1,129.57989511783833,129.57989511783833,0.0
1,C,C,89,89,,111,True,1,61.41278650719077,61.41278650719077,0.0
1,C,C,90,90,,112,True,1,18.671019211035247,18.671019211035247,0.0
1,C,C,91,91,,113,True,1,0.0,0.0,0.0
1,C,C,92,92,,114,True,1,3.522248963449756,3.522248963449756,0.0
1,C,C,93,93,,115,True,1,0.1139154586161049,0.1139154586161049,0.0
1,C,C,94,94,,116,True,1,0.0,0.0,0.0
1,C,C,95,95,,117,True,1,11.181535628705765,11.181535628705765,0.0
1,C,C,96,96,,118,True,1,44.83784184162145,44.83784184162145,0.0
1,C,C,97,97,,119,True,1,0.23740492084402465,0.23740492084402465,0.0
1,C,C,98,98,,120,True,1,19.479424304632484,19.479424304632484,0.0
1,C,C,99,99,,121,True,1,87.07224454221608,87.07224454221608,0.0
1,C,C,100,100,,122,True,1,91.99685465133545,91.99685465133545,0.0
1,C,C,101,101,,123,True,1,223.05574483164003,223.05574483164003,0.0
1,C,C,111,111,,133,True,1,142.94945709098675,142.94945709098675,0.0
1,C,C,112,112,,134,True,1,67.92349511732189,67.92349511732189,0.0
1,C,C,113,113,,135,True,1,7.6014774334391415,7.6014774334391415,0.0
1,C,C,114,114,,136,True,1,0.5580515750326668,0.5580515750326668,0.0
1,C,C,115,115,,137,True,1,3.7738381751247383,3.7738381751247383,0.0
1,C,C,116,116,,138,True,1,94.06314558944844,94.06314558944844,0.0
1,C,C,117,117,,139,True,1,26.256538662791087,26.256538662791087,0.0
1,C,C,118,118,,140,True,1,8.355981960079351,8.355981960079351,0.0
1,C,C,119,119,,141,True,1,21.852885773447127,21.852885773447127,0.0
1,C,C,120,120,,142,True,1,3.019070540099791,3.019070540099791,0.0
1,C,C,121,121,,143,True,1,80.40266166460212,80.40266166460212,0.0
1,C,C,122,122,,144,True,1,20.160778155330792,20.160778155330792,0.0
1,C,C,123,123,,145,True,1,5.261733107779156,5.261733107779156,0.0
1,C,C,124,124,,146,True,1,3.530841219357324,3.530841219357324,0.0
1,C,C,125,125,,147,True,1,1.1161031500653336,1.1161031500653336,0.0
1,C,C,126,126,,148,True,1,0.12579460583749127,0.12579460583749127,0.0
1,C,C,127,127,,149,True,1,25.261211424299137,25.261211424299137,0.0
1,C,C,128,128,,150,True,1,123.08154605680522,123.08154605680522,0.0
1,C,C,129,129,,151,True,1,11.1643367179243,11.1643367179243,0.0
1,C,C,130,130,,152,True,1,0.4556618344644196,0.4556618344644196,0.0
1,C,C,131,131,,153,True,1,0.0,0.0,0.0
1,C,C,132,132,,154,True,1,15.598531123848918,15.598531123848918,0.0
1,C,C,133,133,,155,True,1,0.0,0.0,0.0
1,C,C,134,134,,156,True,1,34.31446332885805,34.31446332885805,0.0
1,C,C,135,135,,157,True,1,138.7254522505475,138.7254522505475,0.0
1,C,C,136,136,,158,True,1,2.4661580870496214,2.4661580870496214,0.0
1,C,C,137,137,,159,True,1,39.36183247991338,39.36183247991338,0.0
1,C,C,138,138,,160,True,1,15.597622679973256,15.597622679973256,0.0
1,C,C,139,139,,161,True,1,0.0,0.0,0.0
1,C,C,140,140,,162,True,1,1.8536024974710497,1.8536024974710497,0.0
1,C,C,141,141,,163,True,1,20.070376208729872,20.070376208729872,0.0
1,C,C,142,142,,164,True,1,1.120272305316035,1.120272305316035,0.0
1,C,C,143,143,,165,True,1,94.1617366208997,94.1617366208997,0.0
1,C,C,144,144,,166,True,1,20.18914673699271,20.18914673699271,0.0
1,C,C,145,145,,167,True,1,13.14351260075015,13.14351260075015,0.0
1,C,C,146,146,,168,True,1,38.241560174597346,38.241560174597346,0.0
1,C,C,147,147,,169,True,1,19.758883370135628,19.758883370135628,0.0
1,C,C,148,148,,170,True,1,120.46937721519225,120.46937721519225,0.0
1,C,C,149,149,,171,True,1,0.5580515750326668,0.5580515750326668,0.0
1,C,C,150,150,,172,True,1,1.8869190875623691,1.8869190875623691,0.0
1,C,C,151,151,,173,True,1,6.541319503549547,6.541319503549547,0.0
1,C,C,152,152,,174,True,1,32.59631452563734,32.59631452563734,0.0
1,C,C,153,153,,175,True,1,135.34359713579585,135.34359713579585,0.0
1,C,C,154,154,,176,True,1,131.08446536249863,131.08446536249863,0.0
1,C,C,155,155,,177,True,1,14.5574858582656,14.5574858582656,0.0
1,C,C,156,156,,178,True,1,67.90979515535837,67.90979515535837,0.0
1,C,C,157,157,,179,True,1,182.0486628970355,182.0486628970355,0.0
1,C,C,158,158,,180,True,1,21.83574838552179,21.83574838552179,0.0
1,C,C,159,159,,181,True,1,81.60231285329579,81.60231285329579,0.0
1,C,C,160,160,,182,True,1,57.763855437978876,57.763855437978876,0.0
1,C,C,161,161,,183,True,1,78.11845022508209,78.11845022508209,0.0
1,C,C,162,162,,184,True,1,46.76112355515218,46.76112355515218,0.0
1,C,C,163,163,,185,True,1,45.123391669881734,45.123391669881734,0.0
1,C,C,164,164,,186,True,1,58.707134340182485,58.707134340182485,0.0
1,C,C,165,165,,187,True,1,110.06731261174417,110.06731261174417,0.0
1,C,C,166,166,,188,True,1,54.98639431689118,54.98639431689118,0.0
1,C,C,167,167,,189,True,1,95.86834792510011,95.86834792510011,0.0
1,C,C,168,168,,190,True,1,57.28182909616615,57.28182909616615,0.0
1,C,C,169,169,,191,True,1,90.73936543289227,90.73936543289227,0.0
1,C,C,170,170,,192,True,1,50.60702855675333,50.60702855675333,0.0
1,C,C,171,171,,193,True,1,140.8875434386378,140.8875434386378,0.0
1,C,C,172,172,,194,True,1,108.67569702194676,108.67569702194676,0.0
1,C,C,173,173,,195,True,1,23.500509748585557,23.500509748585557,0.0
1,C,C,174,174,,196,True,1,19.944219010740277,19.944219010740277,0.0
1,C,C,175,175,,197,True,1,134.63986990941623,134.63986990941623,0.0
1,C,C,176,176,,198,True,1,142.4814514153876,142.4814514153876,0.0
1,C,C,177,177,,199,True,1,7.453695606017338,7.453695606017338,0.0
1,C,C,178,178,,200,True,1,209.40015001036085,209.40015001036085,0.0
1,C,C,179,179,,201,True,1,31.838341157108793,31.838341157108793,0.0
1,C,C,180,180,,202,True,1,75.55586487852135,75.55586487852135,0.0
1,C,C,181,181,,203,True,1,83.0007522441362,83.0007522441362,0.0
1,C,C,182,182,,204,True,1,0.6696618900392002,0.6696618900392002,0.0
1,C,C,183,183,,205,True,1,4.697128694069876,4.697128694069876,0.0
1,C,C,184,184,,206,True,1,0.22322063001306672,0.22322063001306672,0.0
1,C,C,185,185,,207,True,1,126.05951016602972,126.05951016602972,0.0
1,C,C,186,186,,208,True,1,43.66759334217149,43.66759334217149,0.0
1,C,C,187,187,,209,True,1,62.142069280810404,62.142069280810404,0.0
1,C,C,188,188,,210,True,1,121.84182254481806,121.84182254481806,0.0
1,C,C,189,189,,211,True,1,2.6786475601568007,2.6786475601568007,0.0
1,C,C,190,190,,212,True,1,32.16364391340944,32.16364391340944,0.0
1,C,C,191,191,,213,True,1,20.810409774209482,20.810409774209482,0.0
1,C,C,192,192,,214,True,1,62.090176715157796,62.090176715157796,0.0
1,C,C,193,193,,215,True,1,47.71291486445007,47.71291486445007,0.0
1,C,C,194,194,,216,True,1,8.147552995476936,8.147552995476936,0.0
1,C,C,195,195,,217,True,1,45.95604069578612,45.95604069578612,0.0
1,C,C,196,196,,218,True,1,67.60107346328397,67.60107346328397,0.0
1,C,C,197,197,,219,True,1,61.51656247551741,61.51656247551741,0.0
1,C,C,198,198,,220,True,1,29.583207775591614,29.583207775591614,0.0
1,C,C,199,199,,221,True,1,29.28148790814391,29.28148790814391,0.0
1,C,C,200,200,,222,True,1,74.23880451838139,74.23880451838139,0.0
1,C,C,201,201,,223,True,1,98.11552391422512,98.11552391422512,0.0
1,C,C,202,202,,224,True,1,28.84676347971873,28.84676347971873,0.0
1,C,C,203,203,,225,True,1,49.0594499086654,49.0594499086654,0.0
1,C,C,204,204,,226,True,1,7.0536281805490075,7.0536281805490075,0.0
1,C,C,205,205,,227,True,1,3.794750710222134,3.794750710222134,0.0
1,C,C,206,206,,228,True,1,102.71746235089124,102.71746235089124,0.0
1,C,C,207,207,,229,True,1,10.027931025335143,10.027931025335143,0.0
1,C,C,208,208,,230,True,1,96.8036537269483,96.8036537269483,0.0
1,C,C,209,209,,231,True,1,96.6102572831933,96.6102572831933,0.0
1,C,C,210,210,,232,True,1,92.19553420673626,92.19553420673626,0.0
1,C,C,211,211,,233,True,1,94.30867414529587,94.30867414529587,0.0
1,C,C,212,212,,234,True,1,22.685262527988186,22.685262527988186,0.0
1,C,C,213,213,,235,True,1,22.277091102470536,22.277091102470536,0.0
1,C,C,214,214,,236,True,1,16.24023283927117,16.24023283927117,0.0
1,C,C,215,215,,237,True,1,60.55958492034722,60.55958492034722,0.0
1,C,C,216,216,,238,True,1,138.0105016844129,138.0105016844129,0.0
1,C,C,217,217,,239,True,1,21.054829609649584,21.054829609649584,0.0
1,C,C,218,218,,240,True,1,7.589501420444268,7.589501420444268,0.0
1,C,C,219,219,,241,True,1,0.37738381751247385,0.37738381751247385,0.0
1,C,C,220,220,,242,True,1,0.11161031500653336,0.11161031500653336,0.0
1,C,C,221,221,,243,True,1,1.1321514525374214,1.1321514525374214,0.0
1,C,C,222,222,,244,True,1,8.373078769099575,8.373078769099575,0.0
1,C,C,223,223,,245,True,1,94.09931841086063,94.09931841086063,0.0
1,C,C,224,224,,246,True,1,4.528605810149686,4.528605810149686,0.0
1,C,C,225,225,,247,True,1,84.66017813567659,84.66017813567659,0.0
1,C,C,226,226,,248,True,1,119.36860896426725,119.36860896426725,0.0
1,C,C,227,227,,249,True,1,72.45006151024063,72.45006151024063,0.0
1,C,C,228,228,,250,True,1,60.11386229964059,60.11386229964059,0.0
1,C,C,229,229,,251,True,1,35.18934583200218,35.18934583200218,0.0
1,C,C,230,230,,252,True,1,29.85633784089471,29.85633784089471,0.0
1,C,C,231,231,,253,True,1,59.26198803569319,59.26198803569319,0.0
1,C,C,232,232,,254,True,1,5.157578839337142,5.157578839337142,0.0
1,C,C,233,233,,255,True,1,9.533293807012127,9.533293807012127,0.0
1,C,C,234,234,,256,True,1,38.28755440004284,38.28755440004284,0.0
1,C,C,235,235,,257,True,1,64.7769374383425,64.7769374383425,0.0
1,C,C,236,236,,258,True,1,45.52576816595045,45.52576816595045,0.0
1,C,C,237,237,,259,True,1,57.687311841971116,57.687311841971116,0.0
1,C,C,238,238,,260,True,1,35.6706967313944,35.6706967313944,0.0
1,C,C,239,239,,261,True,1,102.50948891722359,102.50948891722359,0.0
1,C,C,240,240,,262,True,1,47.043506919817034,47.043506919817034,0.0
1,C,C,241,241,,263,True,1,55.601215780171145,55.601215780171145,0.0
1,C,C,242,242,,264,True,1,9.135060286255328,9.135060286255328,0.0
1,C,C,243,243,,265,True,1,60.87222574925696,60.87222574925696,0.0
1,C,C,244,244,,266,True,1,100.2796519015525,100.2796519015525,0.0
1,C,C,245,245,,267,True,1,123.39411358188637,123.39411358188637,0.0
1,C,C,246,246,,268,True,1,13.519394998773596,13.519394998773596,0.0
1,C,C,247,247,,269,True,1,24.84146192085607,24.84146192085607,0.0
1,C,C,248,248,,270,True,1,56.31972419998591,56.31972419998591,0.0
1,C,C,249,249,,271,True,1,49.830686034179855,49.830686034179855,0.0
1,C,C,250,250,,272,True,1,40.417370959605265,40.417370959605265,0.0
1,C,C,251,251,,273,True,1,68.15830822422672,68.15830822422672,0.0
1,C,C,252,252,,274,True,1,124.3036439250088,124.3036439250088,0.0
1,C,C,253,253,,275,True,1,40.40269579492218,40.40269579492218,0.0
1,C,C,254,254,,276,True,1,121.5467942697225,121.5467942697225,0.0
1,C,C,255,255,,277,True,1,139.92127069620375,139.92127069620375,0.0
1,C,C,256,256,,278,True,1,90.88580422945466,90.88580422945466,0.0
1,C,C,257,257,,279,True,1,128.29113003553172,128.29113003553172,0.0
1,C,C,258,258,,280,True,1,103.69262187354408,103.69262187354408,0.0
1,C,C,259,259,,281,True,1,83.21162379702676,83.21162379702676,0.0
1,C,C,260,260,,282,True,1,79.87721851231677,79.87721851231677,0.0
1,C,C,261,261,,283,True,1,108.80086330925353,108.80086330925353,0.0
1,C,C,262,262,,284,True,1,40.2826751745826,40.2826751745826,0.0
1,C,C,263,263,,285,True,1,118.58232330094516,118.58232330094516,0.0
1,C,C,264,264,,286,True,1,124.60816766389982,124.60816766389982,0.0
1,C,C,265,265,,287,True,1,7.701111735450802,7.701111735450802,0.0
1,C,C,266,266,,288,True,1,56.98821846475553,56.98821846475553,0.0
1,C,C,267,267,,289,True,1,33.45918174587843,33.45918174587843,0.0
1,C,C,268,268,,290,True,1,34.9354842016411,34.9354842016411,0.0
1,C,C,269,269,,291,True,1,21.49669330738005,21.49669330738005,0.0
1,C,C,270,270,,292,True,1,25.08239066145987,25.08239066145987,0.0
1,C,C,271,271,,293,True,1,19.608258401362328,19.608258401362328,0.0
1,C,C,272,272,,294,True,1,42.098729094858555,42.098729094858555,0.0
1,C,C,273,273,,295,True,1,18.86214323610414,18.86214323610414,0.0
1,C,C,274,274,,296,True,1,33.209775941097696,33.209775941097696,0.0
1,C,C,275,275,,297,True,1,102.87693221198133,102.87693221198133,0.0
1,C,C,276,276,,298,True,1,63.36632175797557,63.36632175797557,0.0
1,C,C,277,277,,299,True,1,25.92879855419003,25.92879855419003,0.0
1,C,C,278,278,,300,True,1,36.91269266206764,36.91269266206764,0.0
1,C,C,279,279,,301,True,1,127.30406780371258,127.30406780371258,0.0
1,C,C,280,280,,302,True,1,19.006850229716242,19.006850229716242,0.0
1,C,C,281,281,,303,True,1,45.57315254614516,45.57315254614516,0.0
1,C,C,282,282,,304,True,1,0.37738381751247385,0.37738381751247385,0.0
1,C,C,283,283,,305,True,1,17.10661078930265,17.10661078930265,0.0
1,C,C,284,284,,306,True,1,4.83134015022511,4.83134015022511,0.0
1,C,C,285,285,,307,True,1,100.7486092179263,100.7486092179263,0.0
1,C,C,286,286,,308,True,1,123.19966339559551,123.19966339559551,0.0
1,C,C,287,287,,309,True,1,5.277781410251244,5.277781410251244,0.0
1,C,C,288,288,,310,True,1,20.82443960340164,20.82443960340164,0.0
1,C,C,289,289,,311,True,1,12.94679654075787,12.94679654075787,0.0
1,C,C,290,290,,312,True,1,44.111353776466565,44.111353776466565,0.0
1,C,C,291,291,,313,True,1,56.496567068450354,56.496567068450354,0.0
1,C,C,292,292,,314,True,1,77.84210919028763,77.84210919028763,0.0
1,C,C,293,293,,315,True,1,29.18350556026926,29.18350556026926,0.0
1,C,C,294,294,,316,True,1,53.765882952977655,53.765882952977655,0.0
1,C,C,295,295,,317,True,1,141.56394797190976,141.56394797190976,0.0
1,C,C,296,296,,318,True,1,127.94515559957047,127.94515559957047,0.0
1,C,C,297,297,,319,True,1,29.26780627213753,29.26780627213753,0.0
1,C,C,298,298,,320,True,1,66.99072353354762,66.99072353354762,0.0
1,C,C,299,299,,321,True,1,36.71085711504695,36.71085711504695,0.0
1,C,C,300,300,,322,True,1,39.499506232972266,39.499506232972266,0.0
1,C,C,301,301,,323,True,1,103.03221066487276,103.03221066487276,0.0
1,C,C,302,302,,324,True,1,91.11348068504807,91.11348068504807,0.0
1,C,C,306,306,,328,True,1,136.37811181565053,136.37811181565053,0.0
1,C,C,307,307,,329,True,1,29.46145273430787,29.46145273430787,0.0
1,C,C,308,308,,330,True,1,109.84775062817562,109.84775062817562,0.0
1,C,C,309,309,,331,True,1,1.7857650401045337,1.7857650401045337,0.0
1,C,C,310,310,,332,True,1,74.65943628576133,74.65943628576133,0.0
1,C,C,311,311,,333,True,1,146.1289635319176,146.1289635319176,0.0
1,C,C,312,312,,334,True,1,24.42735419422007,24.42735419422007,0.0
1,C,C,313,313,,335,True,1,122.50124546080043,122.50124546080043,0.0
1,C,C,314,314,,336,True,1,166.53625722678785,166.53625722678785,0.0
1,C,C,315,315,,337,True,1,118.24193304592566,118.24193304592566,0.0
1,C,C,316,316,,338,True,1,60.36433493692662,60.36433493692662,0.0
1,C,C,317,317,,339,True,1,68.29145939286136,68.29145939286136,0.0
1,C,C,318,318,,340,True,1,236.98090270156354,236.98090270156354,0.0
1,C,C,319,319,,341,True,1,68.15580149508853,68.15580149508853,0.0
1,C,C,320,320,,342,True,1,17.292045913674666,17.292045913674666,0.0
1,C,C,321,321,,343,True,1,71.31727781218167,71.31727781218167,0.0
1,C,C,322,322,,344,True,1,0.0,0.0,0.0
1,C,C,323,323,,345,True,1,5.685397821066763,5.685397821066763,0.0
1,C,C,324,324,,346,True,1,40.27744704080825,40.27744704080825,0.0
1,C,C,325,325,,347,True,1,31.695920981149115,31.695920981149115,0.0
1,C,C,326,326,,348,True,1,95.81096149929454,95.81096149929454,0.0
1,C,C,327,327,,349,True,1,125.01859318214642,125.01859318214642,0.0
1,C,C,328,328,,350,True,1,5.786551868524598,5.786551868524598,0.0
1,C,C,329,329,,351,True,1,171.1789041592598,171.1789041592598,0.0
1,C,C,330,330,,352,True,1,179.03999495560993,179.03999495560993,0.0
1,C,C,331,331,,353,True,1,49.71278206189063,49.71278206189063,0.0
1,C,C,332,332,,354,True,1,159.33225409588087,159.33225409588087,0.0
1,C,C,333,333,,355,True,1,2.5635841112251967,2.5635841112251967,0.0
1,C,C,334,334,,356,True,1,0.0,0.0,0.0
1,C,C,335,335,,357,True,1,24.811042140990743,24.811042140990743,0.0
1,C,C,336,336,,358,True,1,38.912921142663365,38.912921142663365,0.0
1,C,C,337,337,,359,True,1,82.29699360183001,82.29699360183001,0.0
1,C,C,338,338,,360,True,1,11.064427526555452,11.064427526555452,0.0
1,C,C,339,339,,361,True,1,0.0,0.0,0.0
1,C,C,340,340,,362,True,1,112.82597784578485,112.82597784578485,0.0
1,C,C,341,341,,363,True,1,80.52981239126841,80.52981239126841,0.0
1,C,C,342,342,,364,True,1,1.8141336217664494,1.8141336217664494,0.0
1,C,C,343,343,,365,True,1,62.86488691854834,62.86488691854834,0.0
1,C,C,344,344,,366,True,1,58.62837853934781,58.62837853934781,0.0
1,C,C,345,345,,367,True,1,20.83800081168964,20.83800081168964,0.0
1,C,C,346,346,,368,True,1,130.13339792850803,130.13339792850803,0.0
1,C,C,347,347,,369,True,1,56.19763798247659,56.19763798247659,0.0
1,C,C,348,348,,370,True,1,0.880562240862439,0.880562240862439,0.0
1,C,C,349,349,,371,True,1,32.958186729422714,32.958186729422714,0.0
1,C,C,350,350,,372,True,1,0.0,0.0,0.0
1,C,C,351,351,,373,True,1,0.11161031500653336,0.11161031500653336,0.0
1,C,C,352,352,,374,True,1,0.0,0.0,0.0
1,C,C,353,353,,375,True,1,3.2706597517747733,3.2706597517747733,0.0
1,C,C,354,354,,376,True,1,0.0,0.0,0.0
1,C,C,355,355,,377,True,1,21.76246680988599,21.76246680988599,0.0
1,C,C,356,356,,378,True,1,68.97613285979696,68.97613285979696,0.0
1,C,C,357,357,,379,True,1,58.8498045345575,58.8498045345575,0.0
1,C,C,358,358,,380,True,1,0.5580515750326668,0.5580515750326668,0.0
1,C,C,359,359,,381,True,1,19.742297069921612,19.742297069921612,0.0
1,C,C,360,360,,382,True,1,169.7627946187399,169.7627946187399,0.0
1,C,C,365,365,,387,True,1,112.32182160172145,112.32182160172145,0.0
1,C,C,366,366,,388,True,1,167.81452938963147,167.81452938963147,0.0
1,C,C,367,367,,389,True,1,72.04084550516565,72.04084550516565,0.0
1,C,C,368,368,,390,True,1,59.32309986678714,59.32309986678714,0.0
1,C,C,369,369,,391,True,1,56.45827367199698,56.45827367199698,0.0
1,C,C,370,370,,392,True,1,5.692126065333201,5.692126065333201,0.0
1,C,C,371,371,,393,True,1,95.90691751990762,95.90691751990762,0.0
1,C,C,372,372,,394,True,1,31.974606429461307,31.974606429461307,0.0
1,C,C,373,373,,395,True,1,119.0855580111635,119.0855580111635,0.0
1,C,C,374,374,,396,True,1,49.51403182065515,49.51403182065515,0.0
1,C,C,375,375,,397,True,1,0.0,0.0,0.0
1,C,C,376,376,,398,True,1,112.45814708793316,112.45814708793316,0.0
1,C,C,377,377,,399,True,1,21.74100187808034,21.74100187808034,0.0
1,C,C,378,378,,400,True,1,2.124324008406394,2.124324008406394,0.0
1,C,C,379,379,,401,True,1,118.92276984283305,118.92276984283305,0.0
1,C,C,380,380,,402,True,1,50.900534468408836,50.900534468408836,0.0
1,C,C,381,381,,403,True,1,0.9944776994785438,0.9944776994785438,0.0
1,C,C,382,382,,404,True,1,66.89226732878105,66.89226732878105,0.0
1,C,C,383,383,,405,True,1,24.441522777087755,24.441522777087755,0.0
1,C,C,384,384,,406,True,1,0.0,0.0,0.0
1,C,C,385,385,,407,True,1,6.138567325359335,6.138567325359335,0.0
1,C,C,386,386,,408,True,1,0.0,0.0,0.0
1,C,C,387,387,,409,True,1,30.549857509144044,30.549857509144044,0.0
1,C,C,388,388,,410,True,1,0.22322063001306672,0.22322063001306672,0.0
1,C,C,389,389,,411,True,1,30.810038976726595,30.810038976726595,0.0
1,C,C,390,390,,412,True,1,0.0,0.0,0.0
1,C,C,391,391,,413,True,1,23.658386560400892,23.658386560400892,0.0
1,C,C,392,392,,414,True,1,15.598531123848918,15.598531123848918,0.0
1,C,C,393,393,,415,True,1,13.250609494311027,13.250609494311027,0.0
1,C,C,394,394,,416,True,1,15.430183645518554,15.430183645518554,0.0
1,C,C,395,395,,417,True,1,141.36301432378002,141.36301432378002,0.0
1,C,C,396,396,,418,True,1,91.2791787535739,91.2791787535739,0.0
1,C,C,397,397,,419,True,1,38.86866919214367,38.86866919214367,0.0
1,C,C,398,398,,420,True,1,51.701582999208924,51.701582999208924,0.0
1,C,C,399,399,,421,True,1,15.862849021758695,15.862849021758695,0.0
1,C,C,400,400,,422,True,1,0.0,0.0,0.0
1,C,C,401,401,,423,True,1,40.62678298090886,40.62678298090886,0.0
1,C,C,402,402,,424,True,1,21.45458156685562,21.45458156685562,0.0
1,C,C,403,403,,425,True,1,0.0,0.0,0.0
1,C,C,404,404,,426,True,1,51.51152842463919,51.51152842463919,0.0
1,C,C,405,405,,427,True,1,61.02220276454547,61.02220276454547,0.0
1,C,C,406,406,,428,True,1,0.0,0.0,0.0
1,C,C,407,407,,429,True,1,68.09319348049331,68.09319348049331,0.0
1,C,C,408,408,,430,True,1,5.660757262687107,5.660757262687107,0.0
1,C,C,409,409,,431,True,1,0.11161031500653336,0.11161031500653336,0.0
1,C,C,410,410,,432,True,1,28.063716274823726,28.063716274823726,0.0
1,C,C,411,411,,433,True,1,4.352802285254801,4.352802285254801,0.0
1,C,C,412,412,,434,True,1,23.8258491568005,23.8258491568005,0.0
1,C,C,413,413,,435,True,1,50.317842334996506,50.317842334996506,0.0
1,C,C,414,414,,436,True,1,33.4212692675343,33.4212692675343,0.0
1,C,C,415,415,,437,True,1,41.25388938046132,41.25388938046132,0.0
1,C,C,416,416,,438,True,1,27.37871294065949,27.37871294065949,0.0
1,C,C,417,417,,439,True,1,11.76201032130343,11.76201032130343,0.0
1,C,C,418,418,,440,True,1,4.967591023611299,4.967591023611299,0.0
1,C,C,419,419,,441,True,1,15.97705115070444,15.97705115070444,0.0
1,C,C,420,420,,442,True,1,0.22322063001306672,0.22322063001306672,0.0
1,C,C,421,421,,443,True,1,0.0,0.0,0.0
1,C,C,422,422,,444,True,1,1.0063568466999302,1.0063568466999302,0.0
1,C,C,423,423,,445,True,1,0.0,0.0,0.0
1,C,C,424,424,,446,True,1,31.491057724208524,31.491057724208524,0.0
1,C,C,425,425,,447,True,1,51.070768211328286,51.070768211328286,0.0
1,C,C,426,426,,448,True,1,5.94203845192933,5.94203845192933,0.0
1,C,C,427,427,,449,True,1,28.669705935756284,28.669705935756284,0.0
1,C,C,428,428,,450,True,1,0.11161031500653336,0.11161031500653336,0.0
1,C,C,429,429,,451,True,1,40.042326319622774,40.042326319622774,0.0
1,C,C,430,430,,452,True,1,61.02926611202828,61.02926611202828,0.0
1,C,C,431,431,,453,True,1,0.0,0.0,0.0
1,C,C,432,432,,454,True,1,0.3348309450196001,0.3348309450196001,0.0
1,C,C,433,433,,455,True,1,0.12579460583749127,0.12579460583749127,0.0
1,C,C,434,434,,456,True,1,46.71983779169626,46.71983779169626,0.0
1,C,C,435,435,,457,True,1,37.010935500333154,37.010935500333154,0.0
1,C,C,436,436,,458,True,1,6.375972246203359,6.375972246203359,0.0
1,C,C,437,437,,459,True,1,114.6041873555575,114.6041873555575,0.0
1,C,C,438,438,,460,True,1,6.822413506229493,6.822413506229493,0.0
1,C,C,439,439,,461,True,1,0.0,0.0,0.0
1,C,C,440,440,,462,True,1,1.3393237800784004,1.3393237800784004,0.0
1,C,C,441,441,,463,True,1,21.984231835302893,21.984231835302893,0.0
1,C,C,442,442,,464,True,1,10.281469333452291,10.281469333452291,0.0
1,C,C,443,443,,465,True,1,5.4091680510121245,5.4091680510121245,0.0
1,C,C,444,444,,466,True,1,0.0,0.0,0.0
1,C,C,445,445,,467,True,1,11.824692948724179,11.824692948724179,0.0
1,C,C,446,446,,468,True,1,0.0,0.0,0.0
1,C,C,447,447,,469,True,1,5.119192504101093,5.119192504101093,0.0
1,C,C,448,448,,470,True,1,87.62163448450343,87.62163448450343,0.0
1,C,C,449,449,,471,True,1,0.37738381751247385,0.37738381751247385,0.0
1,C,C,450,450,,472,True,1,94.47252129214995,94.47252129214995,0.0
1,C,C,451,451,,473,True,1,96.44650438411882,96.44650438411882,0.0
1,C,C,452,452,,474,True,1,2.0089856701176005,2.0089856701176005,0.0
1,C,C,453,453,,475,True,1,3.153111826652955,3.153111826652955,0.0
1,C,C,454,454,,476,True,1,9.57377453735057,9.57377453735057,0.0
1,C,C,455,455,,477,True,1,3.619409261246715,3.619409261246715,0.0
1,C,C,456,456,,478,True,1,114.98193245622514,114.98193245622514,0.0
1,C,C,457,457,,479,True,1,22.772232284615065,22.772232284615065,0.0
1,C,C,458,458,,480,True,1,8.413326497982876,8.413326497982876,0.0
1,C,C,459,459,,481,True,1,11.573103737049196,11.573103737049196,0.0
1,C,C,460,460,,482,True,1,19.97971115374421,19.97971115374421,0.0
1,C,C,461,461,,483,True,1,138.18126426209574,138.18126426209574,0.0
1,C,C,462,462,,484,True,1,99.35948857629464,99.35948857629464,0.0
1,C,C,463,463,,485,True,1,8.176649379436933,8.176649379436933,0.0
1,C,C,464,464,,486,True,1,29.050370099597885,29.050370099597885,0.0
1,C,C,465,465,,487,True,1,93.02747506529664,93.02747506529664,0.0
1,C,C,466,466,,488,True,1,55.842899812008746,55.842899812008746,0.0
1,C,C,467,467,,489,True,1,104.55698004129869,104.55698004129869,0.0
1,C,C,468,468,,490,True,1,23.52774866588912,23.52774866588912,0.0
1,C,C,469,469,,491,True,1,16.465317480925364,16.465317480925364,0.0
1,C,C,470,470,,492,True,1,13.711612036286548,13.711612036286548,0.0
1,C,C,471,471,,493,True,1,30.766093331490637,30.766093331490637,0.0
1,C,C,472,472,,494,True,1,8.428238591111915,8.428238591111915,0.0
1,C,C,473,473,,495,True,1,89.18380844846116,89.18380844846116,0.0
1,C,C,474,474,,496,True,1,40.19393041810644,40.19393041810644,0.0
1,C,C,475,475,,497,True,1,49.96694607054461,49.96694607054461,0.0
1,C,C,476,476,,498,True,1,24.54515737374499,24.54515737374499,0.0
1,C,C,477,477,,499,True,1,60.39458454718987,60.39458454718987,0.0
1,C,C,478,478,,500,True,1,65.91637345884543,65.91637345884543,0.0
1,C,C,479,479,,501,True,1,131.84442447938363,131.84442447938363,0.0
1,C,C,480,480,,502,True,1,106.5093843187282,106.5093843187282,0.0
1,C,C,481,481,,503,True,1,91.8235120406859,91.8235120406859,0.0
1,C,C,482,482,,504,True,1,9.892351667378659,9.892351667378659,0.0
1,C,C,483,483,,505,True,1,99.07407750170987,99.07407750170987,0.0
1,C,C,484,484,,506,True,1,69.69702889002845,69.69702889002845,0.0
1,C,C,485,485,,507,True,1,117.41459069361197,117.41459069361197,0.0
1,C,C,486,486,,508,True,1,59.28791926505468,59.28791926505468,0.0
1,C,C,487,487,,509,True,1,56.84052172213475,56.84052172213475,0.0
1,C,C,488,488,,510,True,1,64.04627367295221,64.04627367295221,0.0
1,C,C,489,489,,511,True,1,30.579940876796044,30.579940876796044,0.0
1,C,C,490,490,,512,True,1,67.83217425486981,67.83217425486981,0.0
1,C,C,491,491,,513,True,1,162.89013395601012,162.89013395601012,0.0
1,C,C,492,492,,514,True,1,23.52359129161087,23.52359129161087,0.0
1,C,C,493,493,,515,True,1,8.058373652017034,8.058373652017034,0.0
1,C,C,494,494,,516,True,1,27.86593730931697,27.86593730931697,0.0
1,C,C,495,495,,517,True,1,215.69637554504672,215.69637554504672,0.0
1,C,C,496,496,,518,True,1,46.81549797900112,46.81549797900112,0.0
1,C,C,497,497,,519,True,1,53.854981138627345,53.854981138627345,0.0
1,C,C,498,498,,520,True,1,0.13404128655316452,0.13404128655316452,0.0
1,C,C,499,499,,521,True,1,4.44757889962585,4.44757889962585,0.0
1,C,C,500,500,,522,True,1,0.11161031500653336,0.11161031500653336,0.0
1,C,C,501,501,,523,True,1,46.25959054095453,46.25959054095453,0.0
1,C,C,502,502,,524,True,1,19.82279907267291,19.82279907267291,0.0
1,C,C,503,503,,525,True,1,36.93919723208843,36.93919723208843,0.0
1,C,C,504,504,,526,True,1,55.82598102657222,55.82598102657222,0.0
1,C,C,505,505,,527,True,1,14.023480557002289,14.023480557002289,0.0
1,C,C,506,506,,528,True,1,14.526017571852144,14.526017571852144,0.0
1,C,C,507,507,,529,True,1,45.687763082135874,45.687763082135874,0.0
1,C,C,508,508,,530,True,1,99.59162609345614,99.59162609345614,0.0
1,C,C,509,509,,531,True,1,20.640399869766593,20.640399869766593,0.0
1,C,C,510,510,,532,True,1,48.58031121410009,48.58031121410009,0.0
1,C,C,511,511,,533,True,1,58.71313347315391,58.71313347315391,0.0
1,C,C,512,512,,534,True,1,49.31148548829658,49.31148548829658,0.0
1,C,C,513,513,,535,True,1,50.123431418613805,50.123431418613805,0.0
1,C,C,514,514,,536,True,1,66.29435548795902,66.29435548795902,0.0
1,C,C,515,515,,537,True,1,49.89709406688899,49.89709406688899,0.0
1,C,C,516,516,,538,True,1,113.20983072616983,113.20983072616983,0.0
1,C,C,517,517,,539,True,1,86.28687255875744,86.28687255875744,0.0
1,C,C,518,518,,540,True,1,1.856686494259323,1.856686494259323,0.0
1,C,C,519,519,,541,True,1,12.83104979542411,12.83104979542411,0.0
1,C,C,520,520,,542,True,1,95.48997188790787,95.48997188790787,0.0
1,C,C,521,521,,543,True,1,114.46361679227262,114.46361679227262,0.0
1,C,C,522,522,,544,True,1,16.357173389813294,16.357173389813294,0.0
1,C,C,523,523,,545,True,1,71.01809085381095,71.01809085381095,0.0
1,C,C,524,524,,546,True,1,31.7002406710478,31.7002406710478,0.0
1,C,C,525,525,,547,True,1,101.12775494531866,101.12775494531866,0.0
1,C,C,526,526,,548,True,1,141.10098324352268,141.10098324352268,0.0
1,C,C,527,527,,549,True,1,31.661498288644346,31.661498288644346,0.0
1,C,C,528,528,,550,True,1,177.67821140605224,177.67821140605224,0.0
1,C,C,529,529,,551,True,1,78.51276460900353,78.51276460900353,0.0
1,C,C,530,530,,552,True,1,38.6782402444494,38.6782402444494,0.0
1,C,C,531,531,,553,True,1,10.688085670606416,10.688085670606416,0.0
1,C,C,532,532,,554,True,1,26.57703085534093,27.693134005406264,1.1161031500653351
1,C,C,533,533,,555,True,1,65.32997293710493,65.32997293710493,0.0
1,C,C,534,534,,556,True,1,84.7680172305019,84.7680172305019,0.0
1,C,C,535,535,,557,True,1,78.18083832819156,78.18083832819156,0.0
1,C,C,536,536,,558,True,1,154.898880431037,154.898880431037,0.0
1,C,C,537,537,,559,True,1,80.30074447192885,80.30074447192885,0.0
1,C,C,538,538,,560,True,1,9.933318035581468,9.933318035581468,0.0
1,C,C,539,539,,561,True,1,56.1043942035211,56.1043942035211,0.0
1,C,C,540,540,,562,True,1,88.17004006109264,88.17004006109264,0.0
1,C,C,541,541,,563,True,1,14.849763930792328,14.849763930792328,0.0
1,C,C,542,542,,564,True,1,58.55299209663411,58.55299209663411,0.0
1,C,C,543,543,,565,True,1,109.93370983916556,109.93370983916556,0.0
1,C,C,544,544,,566,True,1,27.56474758562956,27.56474758562956,0.0
1,C,C,545,545,,567,True,1,8.496568231327494,8.496568231327494,0.0
1,C,C,546,546,,568,True,1,76.6703474903762,76.6703474903762,0.0
1,C,C,547,547,,569,True,1,72.30580219358167,72.30580219358167,0.0
1,C,C,548,548,,570,True,1,30.240990518409426,30.240990518409426,0.0
1,C,C,549,549,,571,True,1,152.96848431914285,152.96848431914285,0.0
1,C,C,550,550,,572,True,1,83.60925517919162,83.60925517919162,0.0
1,C,C,551,551,,573,True,1,47.81095088119922,47.81095088119922,0.0
1,C,C,552,552,,574,True,1,52.7834689692889,52.7834689692889,0.0
1,C,C,553,553,,575,True,1,1.4501395339429635,1.4501395339429635,0.0
1,C,C,554,554,,576,True,1,7.815027194066906,7.815027194066906,0.0
1,C,C,555,555,,577,True,1,143.3906191663579,143.3906191663579,0.0
1,C,C,556,556,,578,True,1,1.2579460583749127,1.2579460583749127,0.0
1,C,C,557,557,,579,True,1,27.53410658528155,68.87425101004104,41.34014442475949
1,C,C,558,558,,580,True,1,10.95458697541044,101.46155178275644,90.50696480734601
1,C,C,559,559,,581,True,1,8.61564375587712,8.61564375587712,0.0
1,C,C,560,560,,582,True,1,22.270917872906228,67.57424949801008,45.30333162510385
1,C,C,561,561,,583,True,1,20.849277820319084,47.51586893722917,26.666591116910087
1,C,C,562,562,,584,True,1,20.113261566445246,20.113261566445246,0.0
1,C,C,563,563,,585,True,1,64.134425453815,64.134425453815,0.0
1,C,C,564,564,,586,True,1,27.4232240725731,27.4232240725731,0.0
1,C,C,565,565,,587,True,1,25.891600788174586,25.891600788174586,0.0
1,C,C,566,566,,588,True,1,38.418180513582165,38.418180513582165,0.0
1,C,C,567,567,,589,True,1,111.94897738559342,111.94897738559342,0.0
1,C,C,568,568,,590,True,1,86.48558483908167,86.48558483908167,0.0
1,C,C,569,569,,591,True,1,49.81155504391644,88.79076771856137,38.97921267464493
1,C,C,570,570,,592,True,1,6.461077991189106,28.136983451493187,21.67590546030408
1,C,C,571,571,,593,True,1,5.9123464743620895,82.17679103091591,76.26444455655381
1,C,C,572,572,,594,True,1,7.966885237956742,78.23296127730544,70.26607603934869
1,C,C,573,573,,595,True,1,9.93777386116181,84.65976972863163,74.72199586746981
1,C,C,574,574,,596,True,1,6.275875868272234,6.275875868272234,0.0
1,C,C,575,575,,597,True,1,32.958186729422714,37.989970962922364,5.03178423349965
1,C,C,576,576,,598,True,1,51.71459573777947,51.71459573777947,0.0
1,C,C,577,577,,599,True,1,198.9467373839868,198.9467373839868,0.0
1,C,C,578,578,,600,True,1,17.82602896199002,17.82602896199002,0.0
1,C,C,579,579,,601,True,1,33.964543576122644,42.518576773072056,8.554033196949412
1,C,C,580,580,,602,True,1,108.82173002945807,108.82173002945807,0.0
1,C,C,591,591,,613,True,1,130.83655966821,166.05904930270754,35.22248963449755
1,C,C,592,592,,614,True,1,144.05333682763575,144.05333682763575,0.0
1,C,C,593,593,,615,True,1,21.596576318810122,47.69084124906779,26.094264930257665
1,C,C,594,594,,616,True,1,84.15659130528167,84.15659130528167,0.0
1,C,C,595,595,,617,True,1,58.91483681148375,58.91483681148375,0.0
1,C,C,596,596,,618,True,1,44.761328352543266,53.13210197803327,8.370773625490003
1,C,C,597,597,,619,True,1,186.56738447129885,186.56738447129885,0.0
1,C,C,598,598,,620,True,1,136.21008111457937,169.73572848903225,33.52564737445289
1,C,C,599,599,,621,True,1,12.57768427490291,12.57768427490291,0.0
1,C,C,600,600,,622,True,1,6.415524897712055,20.001342328161112,13.585817430449056
1,C,C,601,601,,623,True,1,5.468905435320135,9.152045830535736,3.6831403952156005
1,C,C,602,602,,624,True,1,21.96218309086245,61.3860777336475,39.423894642785044
1,C,C,603,603,,625,True,1,15.006518932230945,84.23724122468707,69.23072229245612
1,C,C,604,604,,626,True,1,50.533345119057266,57.22996401944927,6.696618900392004
1,C,C,605,605,,627,True,1,111.04162914036829,124.87530775921006,13.833678618841773
1,C,C,606,606,,628,True,1,147.4287739303955,147.4287739303955,0.0
1,C,C,607,607,,629,True,1,192.45663238567542,192.45663238567542,0.0
