distance_angstrom,vdw_overlap_angstrom,target_model_number,target_label_asym_id,target_auth_asym_id,target_label_seq_id,target_auth_seq_id,target_insertion_code,target_sequence_position,target_has_coordinates,target_operator_id,target_atom,target_element,antibody_model_number,antibody_label_asym_id,antibody_auth_asym_id,antibody_label_seq_id,antibody_auth_seq_id,antibody_insertion_code,antibody_sequence_position,antibody_has_coordinates,antibody_operator_id,antibody_atom,antibody_element
3.3091155918160378,-0.23911559181603748,1,A,A,128,128,,150,True,1,NZ,N,1,D,D,75,74,,75,True,1,O,O
4.381135126882069,-1.1311351268820689,1,A,A,156,156,,178,True,1,CD,C,1,D,D,76,75,,76,True,1,NZ,N
4.131585773041633,-0.911585773041633,1,A,A,156,156,,178,True,1,OE1,O,1,D,D,76,75,,76,True,1,CE,C
3.641868064606401,-0.5718680646064005,1,A,A,156,156,,178,True,1,OE1,O,1,D,D,76,75,,76,True,1,NZ,N
4.303740466152672,-1.0537404661526724,1,A,A,156,156,,178,True,1,NE2,N,1,D,D,76,75,,76,True,1,CE,C
4.311889840893431,-1.211889840893431,1,A,A,156,156,,178,True,1,NE2,N,1,D,D,76,75,,76,True,1,NZ,N
4.045004202717217,-0.6450042027172169,1,A,A,236,236,,258,True,1,CE1,C,1,D,D,74,73,,74,True,1,CD,C
4.219595833726245,-0.9695958337262454,1,A,A,236,236,,258,True,1,CE1,C,1,D,D,74,73,,74,True,1,NE,N
4.1139364360670365,-0.7139364360670366,1,A,A,236,236,,258,True,1,CE1,C,1,D,D,74,73,,74,True,1,CZ,C
3.77849837898602,-0.5284983789860198,1,A,A,236,236,,258,True,1,CE1,C,1,D,D,74,73,,74,True,1,NH1,N
4.168296654510092,-0.9182966545100921,1,A,A,236,236,,258,True,1,CE2,C,1,D,D,74,73,,74,True,1,NH1,N
4.402383558937131,-1.0023835589371308,1,A,A,236,236,,258,True,1,CZ,C,1,D,D,74,73,,74,True,1,CD,C
4.1882131034607,-0.9382131034606997,1,A,A,236,236,,258,True,1,CZ,C,1,D,D,74,73,,74,True,1,NE,N
3.6497905419352454,-0.24979054193524552,1,A,A,236,236,,258,True,1,CZ,C,1,D,D,74,73,,74,True,1,CZ,C
3.170039431931408,0.07996056806859198,1,A,A,236,236,,258,True,1,CZ,C,1,D,D,74,73,,74,True,1,NH1,N
4.208408844207044,-0.9584088442070442,1,A,A,236,236,,258,True,1,CZ,C,1,D,D,74,73,,74,True,1,NH2,N
3.814912056653457,-0.5949120566534574,1,A,A,245,245,,267,True,1,CA,C,1,D,D,54,53,,54,True,1,O,O
3.8943180404276068,-0.674318040427607,1,A,A,245,245,,267,True,1,C,C,1,D,D,54,53,,54,True,1,O,O
4.43987680009254,-1.0398768000925398,1,A,A,245,245,,267,True,1,CB,C,1,D,D,54,53,,54,True,1,C,C
3.493700616824514,-0.2737006168245144,1,A,A,245,245,,267,True,1,CB,C,1,D,D,54,53,,54,True,1,O,O
4.359580713784299,-0.9595807137842987,1,A,A,245,245,,267,True,1,CB,C,1,D,D,55,54,,55,True,1,CA,C
3.6307204519213436,-0.23072045192134372,1,A,A,245,245,,267,True,1,CB,C,1,D,D,55,54,,55,True,1,C,C
3.1961661408631405,0.023833859136859203,1,A,A,245,245,,267,True,1,CB,C,1,D,D,55,54,,55,True,1,O,O
4.125341561616448,-0.8753415616164482,1,A,A,245,245,,267,True,1,CB,C,1,D,D,56,55,,56,True,1,N,N
4.362966078254554,-0.9629660782545542,1,A,A,245,245,,267,True,1,CB,C,1,D,D,56,55,,56,True,1,CA,C
4.070876318435626,-0.8508763184356258,1,A,A,245,245,,267,True,1,CG,C,1,D,D,54,53,,54,True,1,O,O
3.827614531271401,-0.42761453127140125,1,A,A,245,245,,267,True,1,CG,C,1,D,D,55,54,,55,True,1,C,C
3.57319884697172,-0.3531988469717202,1,A,A,245,245,,267,True,1,CG,C,1,D,D,55,54,,55,True,1,O,O
3.829934333640732,-0.5799343336407321,1,A,A,245,245,,267,True,1,CG,C,1,D,D,56,55,,56,True,1,N,N
3.6788295693059783,-0.27882956930597835,1,A,A,245,245,,267,True,1,CG,C,1,D,D,56,55,,56,True,1,CA,C
3.4809304790529634,-0.4109304790529631,1,A,A,245,245,,267,True,1,ND1,N,1,D,D,53,52,A,53,True,1,O,O
4.492153826395524,-1.2421538263955236,1,A,A,245,245,,267,True,1,ND1,N,1,D,D,54,53,,54,True,1,C,C
3.914874710638892,-0.8448747106388916,1,A,A,245,245,,267,True,1,ND1,N,1,D,D,54,53,,54,True,1,O,O
4.293778173124452,-1.0437781731244522,1,A,A,245,245,,267,True,1,ND1,N,1,D,D,55,54,,55,True,1,C,C
4.410664122328976,-1.3406641223289757,1,A,A,245,245,,267,True,1,ND1,N,1,D,D,55,54,,55,True,1,O,O
3.981472466311927,-0.8814724663119269,1,A,A,245,245,,267,True,1,ND1,N,1,D,D,56,55,,56,True,1,N,N
3.9093417604502108,-0.6593417604502108,1,A,A,245,245,,267,True,1,ND1,N,1,D,D,56,55,,56,True,1,CA,C
4.327218968344447,-0.9272189683444467,1,A,A,245,245,,267,True,1,CD2,C,1,D,D,55,54,,55,True,1,C,C
3.9255752444705507,-0.705575244470551,1,A,A,245,245,,267,True,1,CD2,C,1,D,D,55,54,,55,True,1,O,O
4.132643221958564,-0.8826432219585643,1,A,A,245,245,,267,True,1,CD2,C,1,D,D,56,55,,56,True,1,N,N
3.4905498134248147,-0.09054981342481483,1,A,A,245,245,,267,True,1,CD2,C,1,D,D,56,55,,56,True,1,CA,C
3.8488790575958545,-0.6288790575958547,1,A,A,245,245,,267,True,1,CE1,C,1,D,D,53,52,A,53,True,1,O,O
4.351210176491137,-1.1012101764911373,1,A,A,245,245,,267,True,1,CE1,C,1,D,D,56,55,,56,True,1,N,N
3.8839889289234626,-0.4839889289234627,1,A,A,245,245,,267,True,1,CE1,C,1,D,D,56,55,,56,True,1,CA,C
4.152089112723861,-0.9320891127238609,1,A,A,245,245,,267,True,1,CE1,C,1,D,D,72,71,,72,True,1,O,O
3.6756030797680035,-0.2756030797680036,1,A,A,245,245,,267,True,1,CE1,C,1,D,D,72,71,,72,True,1,CG2,C
4.4310733462672465,-1.3310733462672464,1,A,A,245,245,,267,True,1,NE2,N,1,D,D,56,55,,56,True,1,N,N
3.6221459109207594,-0.37214591092075944,1,A,A,245,245,,267,True,1,NE2,N,1,D,D,56,55,,56,True,1,CA,C
4.250869205233195,-1.1808692052331944,1,A,A,245,245,,267,True,1,NE2,N,1,D,D,72,71,,72,True,1,O,O
4.016228205667588,-0.7662282056675878,1,A,A,245,245,,267,True,1,NE2,N,1,D,D,72,71,,72,True,1,CG2,C
4.197974392489789,-0.9479743924897894,1,A,A,246,246,,268,True,1,N,N,1,D,D,54,53,,54,True,1,C,C
3.0265097059153807,0.043490294084619574,1,A,A,246,246,,268,True,1,N,N,1,D,D,54,53,,54,True,1,O,O
3.8895265778755093,-0.6695265778755095,1,A,A,246,246,,268,True,1,CA,C,1,D,D,54,53,,54,True,1,O,O
4.21526203218733,-0.9952620321873304,1,A,A,246,246,,268,True,1,C,C,1,D,D,54,53,,54,True,1,O,O
4.466331156553447,-1.066331156553447,1,A,A,246,246,,268,True,1,C,C,1,D,D,55,54,,55,True,1,CA,C
4.186750768794331,-0.9667507687943315,1,A,A,246,246,,268,True,1,O,O,1,D,D,54,53,,54,True,1,C,C
3.608502182346573,-0.568502182346573,1,A,A,246,246,,268,True,1,O,O,1,D,D,54,53,,54,True,1,O,O
4.121016136828391,-1.051016136828391,1,A,A,246,246,,268,True,1,O,O,1,D,D,55,54,,55,True,1,N,N
3.2960436890308364,-0.07604368903083669,1,A,A,246,246,,268,True,1,O,O,1,D,D,55,54,,55,True,1,CA,C
3.9999663748586602,-0.7799663748586605,1,A,A,246,246,,268,True,1,O,O,1,D,D,55,54,,55,True,1,C,C
3.8042852153854043,-0.7642852153854043,1,A,A,246,246,,268,True,1,O,O,1,D,D,55,54,,55,True,1,O,O
3.898926647168419,-0.6789266471684194,1,A,A,246,246,,268,True,1,O,O,1,D,D,55,54,,55,True,1,CB,C
3.9950086357854104,-0.7750086357854107,1,A,A,246,246,,268,True,1,CB,C,1,D,D,54,53,,54,True,1,O,O
4.212671480189253,-0.9626714801892531,1,A,A,248,248,,270,True,1,N,N,1,D,D,55,54,,55,True,1,CB,C
3.8178111530037655,-0.4178111530037656,1,A,A,248,248,,270,True,1,CA,C,1,D,D,55,54,,55,True,1,CB,C
3.882240976549491,-0.48224097654949105,1,A,A,248,248,,270,True,1,CB,C,1,D,D,55,54,,55,True,1,CB,C
4.447094557123775,-1.2270945571237757,1,A,A,248,248,,270,True,1,CB,C,1,D,D,55,54,,55,True,1,OG,O
4.2085069799157875,-0.8085069799157876,1,A,A,252,252,,274,True,1,CE1,C,1,D,D,59,58,,59,True,1,CG1,C
4.403035543803833,-1.0030355438038332,1,A,A,252,252,,274,True,1,CE1,C,1,D,D,59,58,,59,True,1,CD1,C
4.368200201455966,-0.9682002014559665,1,A,A,252,252,,274,True,1,CE2,C,1,D,D,59,58,,59,True,1,CG1,C
4.28790741504524,-0.8879074150452397,1,A,A,252,252,,274,True,1,CE2,C,1,D,D,59,58,,59,True,1,CD1,C
4.002810762451794,-0.6028107624517944,1,A,A,252,252,,274,True,1,CZ,C,1,D,D,59,58,,59,True,1,CG1,C
3.8288811681743145,-0.42888116817431454,1,A,A,252,252,,274,True,1,CZ,C,1,D,D,59,58,,59,True,1,CD1,C
4.128777179747038,-0.9087771797470383,1,A,A,252,252,,274,True,1,OH,O,1,D,D,59,58,,59,True,1,CG1,C
3.4652333254775067,-0.24523332547750698,1,A,A,252,252,,274,True,1,OH,O,1,D,D,59,58,,59,True,1,CD1,C
4.10347888991768,-0.85347888991768,1,A,A,254,254,,276,True,1,C,C,1,D,D,62,61,,62,True,1,NE2,N
4.4304241331953715,-1.2104241331953718,1,A,A,254,254,,276,True,1,O,O,1,D,D,60,59,,60,True,1,CE1,C
4.032959211298818,-0.9929592112988184,1,A,A,254,254,,276,True,1,O,O,1,D,D,60,59,,60,True,1,OH,O
3.785710369270198,-0.5657103692701981,1,A,A,254,254,,276,True,1,O,O,1,D,D,62,61,,62,True,1,CD,C
3.713140584464838,-0.6731405844648379,1,A,A,254,254,,276,True,1,O,O,1,D,D,62,61,,62,True,1,OE1,O
3.1695359281762268,-0.09953592817622647,1,A,A,254,254,,276,True,1,O,O,1,D,D,62,61,,62,True,1,NE2,N
4.148294830409234,-0.928294830409234,1,A,A,254,254,,276,True,1,CB,C,1,D,D,60,59,,60,True,1,OH,O
3.6794538996976116,-0.6394538996976116,1,A,A,254,254,,276,True,1,OG1,O,1,D,D,60,59,,60,True,1,OH,O
3.509730189060127,-0.28973018906012715,1,A,A,254,254,,276,True,1,CG2,C,1,D,D,60,59,,60,True,1,OH,O
4.351930720955923,-0.9519307209559229,1,A,A,255,255,,277,True,1,CA,C,1,D,D,62,61,,62,True,1,CD,C
4.291973322377474,-1.071973322377474,1,A,A,255,255,,277,True,1,CA,C,1,D,D,62,61,,62,True,1,OE1,O
4.283128996423054,-1.033128996423054,1,A,A,255,255,,277,True,1,CA,C,1,D,D,62,61,,62,True,1,NE2,N
3.923476647056789,-0.7034766470567893,1,A,A,255,255,,277,True,1,O,O,1,C,C,94,94,,94,True,1,CE1,C
4.173367704863793,-0.9533677048637932,1,A,A,255,255,,277,True,1,O,O,1,D,D,62,61,,62,True,1,CG,C
4.071822810486724,-0.8518228104867243,1,A,A,255,255,,277,True,1,O,O,1,D,D,62,61,,62,True,1,CD,C
4.109304807385306,-1.0393048073853057,1,A,A,255,255,,277,True,1,O,O,1,D,D,62,61,,62,True,1,NE2,N
4.090734652846604,-0.6907346528466038,1,A,A,256,256,,278,True,1,C,C,1,C,C,94,94,,94,True,1,CD1,C
4.098948401724511,-0.6989484017245107,1,A,A,256,256,,278,True,1,C,C,1,C,C,94,94,,94,True,1,CE1,C
4.314410852016767,-1.0944108520167672,1,A,A,256,256,,278,True,1,O,O,1,C,C,94,94,,94,True,1,CG,C
3.324294060398402,-0.10429406039840217,1,A,A,256,256,,278,True,1,O,O,1,C,C,94,94,,94,True,1,CD1,C
3.7252308653290216,-0.5052308653290218,1,A,A,256,256,,278,True,1,O,O,1,C,C,94,94,,94,True,1,CE1,C
4.479962053410717,-1.2299620534107172,1,A,A,257,257,,279,True,1,N,N,1,C,C,94,94,,94,True,1,CE1,C
4.045254132931579,-0.6452541329315795,1,A,A,257,257,,279,True,1,CB,C,1,C,C,94,94,,94,True,1,CD1,C
3.8764691408548453,-0.4764691408548454,1,A,A,257,257,,279,True,1,CB,C,1,C,C,94,94,,94,True,1,CE1,C
4.23183151838538,-0.8318315183853797,1,A,A,257,257,,279,True,1,CB,C,1,C,C,94,94,,94,True,1,CZ,C
4.406624218151571,-1.0066242181515714,1,A,A,257,257,,279,True,1,CG,C,1,C,C,94,94,,94,True,1,CE1,C
4.35517737870686,-0.95517737870686,1,A,A,257,257,,279,True,1,CG,C,1,C,C,94,94,,94,True,1,CZ,C
4.445634038019769,-1.225634038019769,1,A,A,257,257,,279,True,1,CG,C,1,C,C,94,94,,94,True,1,OH,O
4.023216996384857,-0.6232169963848571,1,A,A,257,257,,279,True,1,CG,C,1,D,D,59,58,,59,True,1,CG2,C
3.9656597181301287,-0.5656597181301288,1,A,A,257,257,,279,True,1,CD1,C,1,C,C,94,94,,94,True,1,CE1,C
4.34745879796461,-0.9474587979646105,1,A,A,257,257,,279,True,1,CD1,C,1,C,C,94,94,,94,True,1,CE2,C
3.6680537073494386,-0.2680537073494387,1,A,A,257,257,,279,True,1,CD1,C,1,C,C,94,94,,94,True,1,CZ,C
3.3827831736604037,-0.16278317366040396,1,A,A,257,257,,279,True,1,CD1,C,1,C,C,94,94,,94,True,1,OH,O
4.37545986154599,-0.9754598615459904,1,A,A,257,257,,279,True,1,CD1,C,1,D,D,59,58,,59,True,1,CG2,C
4.409969387648858,-1.1599693876488582,1,A,A,257,257,,279,True,1,CD1,C,1,D,D,60,59,,60,True,1,N,N
3.84440229424549,-0.6244022942454901,1,A,A,257,257,,279,True,1,CD1,C,1,D,D,60,59,,60,True,1,O,O
4.012518909612765,-0.7625189096127647,1,A,A,257,257,,279,True,1,CD1,C,1,D,D,62,61,,62,True,1,NE2,N
4.366977215420293,-0.9669772154202927,1,A,A,257,257,,279,True,1,CD2,C,1,D,D,59,58,,59,True,1,CA,C
4.383396057852856,-0.9833960578528562,1,A,A,257,257,,279,True,1,CD2,C,1,D,D,59,58,,59,True,1,CB,C
4.227347276957489,-0.827347276957489,1,A,A,257,257,,279,True,1,CD2,C,1,D,D,59,58,,59,True,1,CG1,C
3.9432041539844165,-0.5432041539844166,1,A,A,257,257,,279,True,1,CD2,C,1,D,D,59,58,,59,True,1,CG2,C
3.8865934955948203,-0.6665934955948205,1,A,A,257,257,,279,True,1,CE1,C,1,C,C,94,94,,94,True,1,OH,O
4.464559440751125,-1.064559440751125,1,A,A,257,257,,279,True,1,CE1,C,1,D,D,59,58,,59,True,1,CA,C
4.478151962584574,-1.0781519625845744,1,A,A,257,257,,279,True,1,CE1,C,1,D,D,59,58,,59,True,1,C,C
3.6420446180682564,-0.3920446180682564,1,A,A,257,257,,279,True,1,CE1,C,1,D,D,60,59,,60,True,1,N,N
4.437996169444036,-1.0379961694440358,1,A,A,257,257,,279,True,1,CE1,C,1,D,D,60,59,,60,True,1,CA,C
4.363240080490638,-0.9632400804906385,1,A,A,257,257,,279,True,1,CE1,C,1,D,D,60,59,,60,True,1,C,C
3.4854896356179212,-0.2654896356179215,1,A,A,257,257,,279,True,1,CE1,C,1,D,D,60,59,,60,True,1,O,O
4.095863523116952,-0.6958635231169521,1,A,A,257,257,,279,True,1,CE1,C,1,D,D,60,59,,60,True,1,CG,C
3.9952356626361842,-0.5952356626361843,1,A,A,257,257,,279,True,1,CE1,C,1,D,D,60,59,,60,True,1,CD1,C
4.122110745722384,-0.7221107457223837,1,A,A,257,257,,279,True,1,CE1,C,1,D,D,60,59,,60,True,1,CD2,C
3.9499421514751325,-0.5499421514751326,1,A,A,257,257,,279,True,1,CE1,C,1,D,D,60,59,,60,True,1,CE1,C
4.07065498415181,-0.6706549841518101,1,A,A,257,257,,279,True,1,CE1,C,1,D,D,60,59,,60,True,1,CE2,C
3.9838952044450235,-0.5838952044450236,1,A,A,257,257,,279,True,1,CE1,C,1,D,D,60,59,,60,True,1,CZ,C
3.876187172983273,-0.6261871729832729,1,A,A,257,257,,279,True,1,CE1,C,1,D,D,62,61,,62,True,1,NE2,N
3.765842004120731,-0.5458420041207313,1,A,A,257,257,,279,True,1,CE2,C,1,D,D,58,57,,58,True,1,O,O
3.797199494364245,-0.3971994943642452,1,A,A,257,257,,279,True,1,CE2,C,1,D,D,59,58,,59,True,1,CA,C
4.272985022206388,-0.8729850222063882,1,A,A,257,257,,279,True,1,CE2,C,1,D,D,59,58,,59,True,1,CB,C
4.204003449094687,-0.804003449094687,1,A,A,257,257,,279,True,1,CE2,C,1,D,D,59,58,,59,True,1,CG1,C
4.219634699828899,-0.819634699828899,1,A,A,257,257,,279,True,1,CE2,C,1,D,D,59,58,,59,True,1,CG2,C
4.365830276133051,-1.1158302761330514,1,A,A,257,257,,279,True,1,CE2,C,1,D,D,60,59,,60,True,1,N,N
3.923044098656052,-0.7030440986560524,1,A,A,257,257,,279,True,1,CZ,C,1,D,D,58,57,,58,True,1,O,O
3.849654140309244,-0.449654140309244,1,A,A,257,257,,279,True,1,CZ,C,1,D,D,59,58,,59,True,1,CA,C
4.240263553129711,-0.8402635531297107,1,A,A,257,257,,279,True,1,CZ,C,1,D,D,59,58,,59,True,1,C,C
3.613356749616625,-0.3633567496166248,1,A,A,257,257,,279,True,1,CZ,C,1,D,D,60,59,,60,True,1,N,N
4.416440874731596,-1.1964408747315964,1,A,A,257,257,,279,True,1,CZ,C,1,D,D,60,59,,60,True,1,O,O
4.155422962828219,-0.7554229628282187,1,A,A,257,257,,279,True,1,CZ,C,1,D,D,60,59,,60,True,1,CG,C
4.412050996985413,-1.0120509969854132,1,A,A,257,257,,279,True,1,CZ,C,1,D,D,60,59,,60,True,1,CD1,C
3.733563043528261,-0.33356304352826127,1,A,A,257,257,,279,True,1,CZ,C,1,D,D,60,59,,60,True,1,CD2,C
4.312635505117485,-0.912635505117485,1,A,A,257,257,,279,True,1,CZ,C,1,D,D,60,59,,60,True,1,CE1,C
3.6041212521223502,-0.20412125212235033,1,A,A,257,257,,279,True,1,CZ,C,1,D,D,60,59,,60,True,1,CE2,C
3.9147154430430833,-0.5147154430430834,1,A,A,257,257,,279,True,1,CZ,C,1,D,D,60,59,,60,True,1,CZ,C
4.4767310618351805,-1.2567310618351808,1,A,A,257,257,,279,True,1,CZ,C,1,D,D,60,59,,60,True,1,OH,O
4.431215070384192,-1.0312150703841918,1,A,A,268,268,,290,True,1,CB,C,1,D,D,54,53,,54,True,1,CB,C
4.064668006123018,-0.8446680061230181,1,A,A,268,268,,290,True,1,CB,C,1,D,D,54,53,,54,True,1,OD1,O
4.281177524934006,-1.031177524934006,1,A,A,268,268,,290,True,1,CB,C,1,D,D,74,73,,74,True,1,NH2,N
3.774125859056627,-0.5541258590566271,1,A,A,268,268,,290,True,1,OG1,O,1,D,D,54,53,,54,True,1,CB,C
3.474727183535416,-0.2547271835354161,1,A,A,268,268,,290,True,1,OG1,O,1,D,D,54,53,,54,True,1,CG,C
3.0135542138810094,0.026445786118990622,1,A,A,268,268,,290,True,1,OG1,O,1,D,D,54,53,,54,True,1,OD1,O
4.358796278790734,-1.288796278790734,1,A,A,268,268,,290,True,1,OG1,O,1,D,D,54,53,,54,True,1,ND2,N
4.093540521358011,-1.0235405213580107,1,A,A,268,268,,290,True,1,OG1,O,1,D,D,74,73,,74,True,1,NH2,N
3.844436499670666,-0.44443649967066623,1,A,A,268,268,,290,True,1,CG2,C,1,D,D,54,53,,54,True,1,CA,C
4.311104498849457,-0.9111044988494572,1,A,A,268,268,,290,True,1,CG2,C,1,D,D,54,53,,54,True,1,C,C
4.013322314492063,-0.7933223144920634,1,A,A,268,268,,290,True,1,CG2,C,1,D,D,54,53,,54,True,1,O,O
3.6380813624766564,-0.23808136247665646,1,A,A,268,268,,290,True,1,CG2,C,1,D,D,54,53,,54,True,1,CB,C
4.188326276688589,-0.7883262766885895,1,A,A,268,268,,290,True,1,CG2,C,1,D,D,54,53,,54,True,1,CG,C
3.9826324208995403,-0.7626324208995405,1,A,A,268,268,,290,True,1,CG2,C,1,D,D,54,53,,54,True,1,OD1,O
4.4102736876525155,-1.1602736876525155,1,A,A,268,268,,290,True,1,CG2,C,1,D,D,74,73,,74,True,1,NH2,N
4.289422455296286,-0.8894224552962862,1,A,A,285,285,,307,True,1,CB,C,1,D,D,102,98,,102,True,1,CG,C
4.070987103885251,-0.8209871038852512,1,A,A,286,286,,308,True,1,CA,C,1,D,D,52,52,,52,True,1,ND2,N
4.4019157193204,-1.1519157193204004,1,A,A,286,286,,308,True,1,CA,C,1,D,D,54,53,,54,True,1,ND2,N
3.731432700719663,-0.48143270071966304,1,A,A,286,286,,308,True,1,C,C,1,D,D,52,52,,52,True,1,ND2,N
4.471787562038247,-1.071787562038247,1,A,A,286,286,,308,True,1,C,C,1,D,D,54,53,,54,True,1,CG,C
3.287102371390337,-0.03710237139033712,1,A,A,286,286,,308,True,1,C,C,1,D,D,54,53,,54,True,1,ND2,N
3.5967237870039392,-0.3767237870039395,1,A,A,286,286,,308,True,1,O,O,1,D,D,52,52,,52,True,1,CG,C
3.5885731147630278,-0.5485731147630277,1,A,A,286,286,,308,True,1,O,O,1,D,D,52,52,,52,True,1,OD1,O
2.7787934432051586,0.29120655679484164,1,A,A,286,286,,308,True,1,O,O,1,D,D,52,52,,52,True,1,ND2,N
3.9332312416129427,-0.7132312416129429,1,A,A,286,286,,308,True,1,O,O,1,D,D,54,53,,54,True,1,CB,C
3.679032073793325,-0.45903207379332533,1,A,A,286,286,,308,True,1,O,O,1,D,D,54,53,,54,True,1,CG,C
2.58141685901367,0.4885831409863304,1,A,A,286,286,,308,True,1,O,O,1,D,D,54,53,,54,True,1,ND2,N
4.374488427233534,-1.1544884272335345,1,A,A,286,286,,308,True,1,CB,C,1,D,D,31,31,,31,True,1,O,O
4.25272395059919,-1.00272395059919,1,A,A,286,286,,308,True,1,CB,C,1,D,D,52,52,,52,True,1,ND2,N
4.332839830873043,-1.0828398308730431,1,A,A,286,286,,308,True,1,CB,C,1,D,D,54,53,,54,True,1,ND2,N
3.7082149344394892,-0.4882149344394895,1,A,A,286,286,,308,True,1,CG1,C,1,D,D,30,30,,30,True,1,O,O
4.079686017330252,-0.6796860173302517,1,A,A,286,286,,308,True,1,CG1,C,1,D,D,31,31,,31,True,1,CA,C
3.7484782245599146,-0.34847822455991473,1,A,A,286,286,,308,True,1,CG1,C,1,D,D,31,31,,31,True,1,C,C
3.9310674122940186,-0.7110674122940188,1,A,A,286,286,,308,True,1,CG1,C,1,D,D,31,31,,31,True,1,O,O
4.006389147349511,-0.7563891473495108,1,A,A,286,286,,308,True,1,CG1,C,1,D,D,32,32,,32,True,1,N,N
4.346217781013745,-1.0962177810137446,1,A,A,286,286,,308,True,1,CG1,C,1,D,D,52,52,,52,True,1,ND2,N
4.451022916139623,-1.051022916139623,1,A,A,286,286,,308,True,1,CG1,C,1,D,D,54,53,,54,True,1,CG,C
3.1838157924101176,0.06618420758988242,1,A,A,286,286,,308,True,1,CG1,C,1,D,D,54,53,,54,True,1,ND2,N
4.449347592625232,-1.049347592625232,1,A,A,286,286,,308,True,1,CG2,C,1,D,D,32,32,,32,True,1,CA,C
4.255816255432088,-0.8558162554320883,1,A,A,286,286,,308,True,1,CG2,C,1,D,D,32,32,,32,True,1,C,C
3.881430277616739,-0.6314302776167389,1,A,A,286,286,,308,True,1,CG2,C,1,D,D,33,33,,33,True,1,N,N
4.450977533081917,-1.0509775330819173,1,A,A,286,286,,308,True,1,CG2,C,1,D,D,33,33,,33,True,1,CB,C
4.069647773456557,-0.8496477734565575,1,A,A,286,286,,308,True,1,CG2,C,1,D,D,33,33,,33,True,1,OG1,O
3.7934347233081493,-0.39343472330814944,1,A,A,286,286,,308,True,1,CG2,C,1,D,D,33,33,,33,True,1,CG2,C
3.8185266792311503,-0.5685266792311503,1,A,A,286,286,,308,True,1,CG2,C,1,D,D,52,52,,52,True,1,ND2,N
4.21285817468377,-0.8128581746837704,1,A,A,286,286,,308,True,1,CG2,C,1,D,D,102,98,,102,True,1,CB,C
4.367846380082506,-0.9678463800825061,1,A,A,286,286,,308,True,1,CG2,C,1,D,D,102,98,,102,True,1,CG,C
3.7006784513113278,-0.6006784513113277,1,A,A,287,287,,309,True,1,N,N,1,D,D,54,53,,54,True,1,ND2,N
4.3612210446158395,-0.9612210446158396,1,A,A,287,287,,309,True,1,CA,C,1,D,D,54,53,,54,True,1,CB,C
4.293397489168697,-0.8933974891686973,1,A,A,287,287,,309,True,1,CA,C,1,D,D,54,53,,54,True,1,CG,C
3.6259936569166893,-0.3759936569166893,1,A,A,287,287,,309,True,1,CA,C,1,D,D,54,53,,54,True,1,ND2,N
3.9803860365547457,-0.5803860365547457,1,A,A,287,287,,309,True,1,C,C,1,D,D,54,53,,54,True,1,CB,C
3.6907546653767187,-0.2907546653767188,1,A,A,287,287,,309,True,1,C,C,1,D,D,54,53,,54,True,1,CG,C
4.364052474478279,-1.1440524744782792,1,A,A,287,287,,309,True,1,C,C,1,D,D,54,53,,54,True,1,OD1,O
3.31209148424376,-0.062091484243759876,1,A,A,287,287,,309,True,1,C,C,1,D,D,54,53,,54,True,1,ND2,N
3.413560604412941,-0.1935606044129412,1,A,A,287,287,,309,True,1,O,O,1,D,D,54,53,,54,True,1,CB,C
3.433249335542073,-0.21324933554207304,1,A,A,287,287,,309,True,1,O,O,1,D,D,54,53,,54,True,1,CG,C
4.02338128941318,-0.9833812894131801,1,A,A,287,287,,309,True,1,O,O,1,D,D,54,53,,54,True,1,OD1,O
3.5101915902127203,-0.44019159021272003,1,A,A,287,287,,309,True,1,O,O,1,D,D,54,53,,54,True,1,ND2,N
4.1446067364709105,-0.8946067364709105,1,A,A,288,288,,310,True,1,N,N,1,D,D,54,53,,54,True,1,CG,C
3.6409815984154705,-0.5409815984154704,1,A,A,288,288,,310,True,1,N,N,1,D,D,54,53,,54,True,1,ND2,N
4.330704099797176,-0.9307040997971758,1,A,A,288,288,,310,True,1,CA,C,1,D,D,54,53,,54,True,1,CG,C
4.333297358825037,-1.1132973588250374,1,A,A,288,288,,310,True,1,CA,C,1,D,D,54,53,,54,True,1,OD1,O
4.144587554872023,-0.8945875548720226,1,A,A,288,288,,310,True,1,CA,C,1,D,D,54,53,,54,True,1,ND2,N
4.35804692494241,-0.9580469249424097,1,A,A,288,288,,310,True,1,CB,C,1,D,D,30,30,,30,True,1,C,C
3.325285401285124,-0.10528540128512409,1,A,A,288,288,,310,True,1,CB,C,1,D,D,30,30,,30,True,1,O,O
4.005657249441075,-0.7856572494410754,1,A,A,288,288,,310,True,1,CB,C,1,D,D,31,31,,31,True,1,OD2,O
3.9349726809725234,-0.5349726809725235,1,A,A,288,288,,310,True,1,CB,C,1,D,D,54,53,,54,True,1,CG,C
3.659139516334416,-0.43913951633441606,1,A,A,288,288,,310,True,1,CB,C,1,D,D,54,53,,54,True,1,OD1,O
3.7260131508087952,-0.47601315080879525,1,A,A,288,288,,310,True,1,CB,C,1,D,D,54,53,,54,True,1,ND2,N
4.3669260355540755,-1.1469260355540758,1,A,A,288,288,,310,True,1,OG,O,1,D,D,30,30,,30,True,1,C,C
3.525393736875359,-0.48539373687535914,1,A,A,288,288,,310,True,1,OG,O,1,D,D,30,30,,30,True,1,O,O
4.314451181784314,-1.094451181784314,1,A,A,288,288,,310,True,1,OG,O,1,D,D,31,31,,31,True,1,CA,C
4.047239800160118,-0.8272398001601182,1,A,A,288,288,,310,True,1,OG,O,1,D,D,31,31,,31,True,1,CG,C
3.00980630606024,0.030193693939760013,1,A,A,288,288,,310,True,1,OG,O,1,D,D,31,31,,31,True,1,OD2,O
4.266717239283617,-0.8667172392836169,1,A,A,290,290,,312,True,1,CB,C,1,D,D,31,31,,31,True,1,CG,C
3.7205639357495244,-0.5005639357495246,1,A,A,290,290,,312,True,1,CB,C,1,D,D,31,31,,31,True,1,OD1,O
3.916200454522206,-0.6962004545222062,1,A,A,290,290,,312,True,1,CB,C,1,D,D,31,31,,31,True,1,OD2,O
4.01559821197291,-0.7955982119729104,1,A,A,290,290,,312,True,1,OG1,O,1,D,D,31,31,,31,True,1,CG,C
3.553278063985423,-0.5132780639854229,1,A,A,290,290,,312,True,1,OG1,O,1,D,D,31,31,,31,True,1,OD1,O
3.7881030872984427,-0.7481030872984427,1,A,A,290,290,,312,True,1,OG1,O,1,D,D,31,31,,31,True,1,OD2,O
4.332427841291771,-0.9324278412917715,1,A,A,290,290,,312,True,1,CG2,C,1,D,D,28,28,,28,True,1,CG2,C
3.4126054562460197,-0.01260545624601983,1,A,A,290,290,,312,True,1,CG2,C,1,D,D,31,31,,31,True,1,CG,C
3.1987128661385165,0.021287133861483287,1,A,A,290,290,,312,True,1,CG2,C,1,D,D,31,31,,31,True,1,OD1,O
2.7920154011036495,0.4279845988963502,1,A,A,290,290,,312,True,1,CG2,C,1,D,D,31,31,,31,True,1,OD2,O
3.7214471647465417,-0.6814471647465417,1,A,A,292,292,,314,True,1,O,O,1,D,D,31,31,,31,True,1,OD1,O
4.086341884864756,-0.6863418848647558,1,A,A,294,294,,316,True,1,CA,C,1,D,D,32,32,,32,True,1,CZ,C
3.60403953918379,-0.3840395391837901,1,A,A,294,294,,316,True,1,CA,C,1,D,D,32,32,,32,True,1,OH,O
4.4462242408587525,-1.0462242408587525,1,A,A,294,294,,316,True,1,C,C,1,D,D,32,32,,32,True,1,CZ,C
3.781363378465496,-0.5613633784654963,1,A,A,294,294,,316,True,1,C,C,1,D,D,32,32,,32,True,1,OH,O
3.562923659019361,-0.34292365901936117,1,A,A,294,294,,316,True,1,CB,C,1,D,D,31,31,,31,True,1,O,O
4.116677422388096,-0.7166774223880963,1,A,A,294,294,,316,True,1,CB,C,1,D,D,31,31,,31,True,1,CB,C
4.1454593231631085,-0.7454593231631086,1,A,A,294,294,,316,True,1,CB,C,1,D,D,32,32,,32,True,1,CE1,C
3.9304637131005378,-0.5304637131005379,1,A,A,294,294,,316,True,1,CB,C,1,D,D,32,32,,32,True,1,CE2,C
3.707168596112126,-0.3071685961121262,1,A,A,294,294,,316,True,1,CB,C,1,D,D,32,32,,32,True,1,CZ,C
3.7657602154146863,-0.5457602154146866,1,A,A,294,294,,316,True,1,CB,C,1,D,D,32,32,,32,True,1,OH,O
3.8027654410967733,-0.5827654410967735,1,A,A,294,294,,316,True,1,CG,C,1,D,D,31,31,,31,True,1,O,O
4.405361960157183,-1.1853619601571834,1,A,A,294,294,,316,True,1,CD,C,1,D,D,31,31,,31,True,1,OD1,O
3.8984033911333458,-0.6484033911333458,1,A,A,295,295,,317,True,1,N,N,1,D,D,32,32,,32,True,1,CE2,C
3.7697491959015,-0.5197491959014999,1,A,A,295,295,,317,True,1,N,N,1,D,D,32,32,,32,True,1,CZ,C
2.9836306741954504,0.08636932580454992,1,A,A,295,295,,317,True,1,N,N,1,D,D,32,32,,32,True,1,OH,O
3.9079240013081114,-0.6879240013081116,1,A,A,295,295,,317,True,1,CA,C,1,D,D,32,32,,32,True,1,OH,O
4.151512615902776,-1.1115126159027762,1,A,A,295,295,,317,True,1,O,O,1,D,D,100,96,,100,True,1,O,O
4.273922905247592,-1.0539229052475925,1,A,A,295,295,,317,True,1,O,O,1,D,D,100,96,,100,True,1,CD1,C
4.31243260816907,-0.9124326081690701,1,A,A,295,295,,317,True,1,CB,C,1,D,D,32,32,,32,True,1,CE2,C
4.446903304548009,-1.046903304548009,1,A,A,295,295,,317,True,1,CB,C,1,D,D,32,32,,32,True,1,CZ,C
3.6149663898852396,-0.3949663898852398,1,A,A,295,295,,317,True,1,CB,C,1,D,D,32,32,,32,True,1,OH,O
4.1031018754108475,-0.7031018754108476,1,A,A,295,295,,317,True,1,CB,C,1,D,D,100,96,,100,True,1,CD1,C
4.271171853250598,-0.8711718532505981,1,A,A,295,295,,317,True,1,CG,C,1,D,D,100,96,,100,True,1,CD1,C
3.861884773009167,-0.6418847730091675,1,A,A,295,295,,317,True,1,CD2,C,1,C,C,55,55,,55,True,1,OH,O
3.8613122121890133,-0.6113122121890133,1,A,A,295,295,,317,True,1,CD2,C,1,D,D,98,94,,98,True,1,NH2,N
4.230045271625366,-0.8300452716253663,1,A,A,295,295,,317,True,1,CD2,C,1,D,D,100,96,,100,True,1,CD1,C
3.833837242241777,-0.613837242241777,1,A,A,295,295,,317,True,1,CD2,C,1,D,D,107,101,,107,True,1,OD2,O
4.454088009907308,-1.0540880099073084,1,A,A,296,296,,318,True,1,CB,C,1,D,D,100,96,,100,True,1,CG,C
4.318150298449551,-1.0681502984495506,1,A,A,296,296,,318,True,1,CB,C,1,D,D,101,97,,101,True,1,N,N
4.325295481235936,-0.9252954812359362,1,A,A,296,296,,318,True,1,CB,C,1,D,D,101,97,,101,True,1,CA,C
4.347871433241778,-1.1278714332417783,1,A,A,296,296,,318,True,1,CB,C,1,D,D,105,99,B,105,True,1,OH,O
4.246549893737282,-0.8465498937372824,1,A,A,296,296,,318,True,1,CG,C,1,D,D,100,96,,100,True,1,CG,C
4.355614881965582,-0.9556148819655825,1,A,A,296,296,,318,True,1,CG,C,1,D,D,100,96,,100,True,1,CD2,C
3.889615662247368,-0.6696156622473683,1,A,A,296,296,,318,True,1,CG,C,1,D,D,105,99,B,105,True,1,OH,O
3.9968520112708603,-0.7468520112708603,1,A,A,296,296,,318,True,1,ND1,N,1,C,C,49,49,,49,True,1,CD2,C
3.7262937350670584,-0.4762937350670584,1,A,A,296,296,,318,True,1,ND1,N,1,C,C,49,49,,49,True,1,CE2,C
4.200844915014113,-0.9508449150141134,1,A,A,296,296,,318,True,1,ND1,N,1,C,C,49,49,,49,True,1,CZ,C
4.134192666047394,-0.8841926660473938,1,A,A,296,296,,318,True,1,ND1,N,1,D,D,100,96,,100,True,1,CG,C
4.037697115931303,-0.7876971159313033,1,A,A,296,296,,318,True,1,ND1,N,1,D,D,100,96,,100,True,1,CD2,C
3.79160414600469,-0.5416041460046901,1,A,A,296,296,,318,True,1,ND1,N,1,D,D,105,99,B,105,True,1,CE1,C
3.6768308364677305,-0.42683083646773046,1,A,A,296,296,,318,True,1,ND1,N,1,D,D,105,99,B,105,True,1,CZ,C
2.7110914776156174,0.35890852238438287,1,A,A,296,296,,318,True,1,ND1,N,1,D,D,105,99,B,105,True,1,OH,O
3.925762218983714,-0.5257622189837141,1,A,A,296,296,,318,True,1,CE1,C,1,C,C,49,49,,49,True,1,CG,C
4.008163918803716,-0.6081639188037165,1,A,A,296,296,,318,True,1,CE1,C,1,C,C,49,49,,49,True,1,CD1,C
3.5215878520917245,-0.12158785209172462,1,A,A,296,296,,318,True,1,CE1,C,1,C,C,49,49,,49,True,1,CD2,C
3.7312647989656367,-0.33126479896563676,1,A,A,296,296,,318,True,1,CE1,C,1,C,C,49,49,,49,True,1,CE1,C
3.190622196374873,0.2093778036251268,1,A,A,296,296,,318,True,1,CE1,C,1,C,C,49,49,,49,True,1,CE2,C
3.3048832051980286,0.09511679480197133,1,A,A,296,296,,318,True,1,CE1,C,1,C,C,49,49,,49,True,1,CZ,C
3.793767256962391,-0.5737672569623911,1,A,A,296,296,,318,True,1,CE1,C,1,C,C,49,49,,49,True,1,OH,O
4.070424670719265,-0.6704246707192651,1,A,A,296,296,,318,True,1,CE1,C,1,D,D,100,96,,100,True,1,CD2,C
3.9357734944988954,-0.5357734944988954,1,A,A,296,296,,318,True,1,CE1,C,1,D,D,105,99,B,105,True,1,CE1,C
4.10959876386978,-0.70959876386978,1,A,A,296,296,,318,True,1,CE1,C,1,D,D,105,99,B,105,True,1,CZ,C
3.3676760533044257,-0.1476760533044259,1,A,A,296,296,,318,True,1,CE1,C,1,D,D,105,99,B,105,True,1,OH,O
4.09457897713551,-0.8445789771355097,1,A,A,296,296,,318,True,1,NE2,N,1,C,C,49,49,,49,True,1,CE1,C
3.9869845748384827,-0.7369845748384827,1,A,A,296,296,,318,True,1,NE2,N,1,C,C,49,49,,49,True,1,CE2,C
3.7068837316538534,-0.45688373165385343,1,A,A,296,296,,318,True,1,NE2,N,1,C,C,49,49,,49,True,1,CZ,C
3.778962291423398,-0.7089622914233975,1,A,A,296,296,,318,True,1,NE2,N,1,C,C,49,49,,49,True,1,OH,O
4.387654612660387,-1.1376546126603868,1,A,A,296,296,,318,True,1,NE2,N,1,D,D,100,96,,100,True,1,CD2,C
4.175138560574968,-0.9551385605749685,1,A,A,297,297,,319,True,1,OD1,O,1,D,D,102,98,,102,True,1,CD,C
4.099692793368796,-0.6996927933687958,1,A,A,311,311,,333,True,1,CG,C,1,D,D,102,98,,102,True,1,CD,C
4.452282336060923,-1.0522823360609235,1,A,A,311,311,,333,True,1,CD,C,1,D,D,102,98,,102,True,1,CG,C
3.9859951078745777,-0.5859951078745778,1,A,A,311,311,,333,True,1,CD,C,1,D,D,102,98,,102,True,1,CD,C
4.254066290033567,-1.034066290033567,1,A,A,311,311,,333,True,1,CD,C,1,D,D,103,99,,103,True,1,OG,O
4.476528342365328,-1.0765283423653282,1,A,A,311,311,,333,True,1,CE,C,1,D,D,102,98,,102,True,1,CG,C
4.357120723597178,-1.1071207235971778,1,A,A,311,311,,333,True,1,NZ,N,1,D,D,102,98,,102,True,1,CA,C
3.8598835474661795,-0.6098835474661795,1,A,A,311,311,,333,True,1,NZ,N,1,D,D,102,98,,102,True,1,C,C
3.4511328574831723,-0.38113285748317205,1,A,A,311,311,,333,True,1,NZ,N,1,D,D,102,98,,102,True,1,O,O
3.9544175298013315,-0.7044175298013315,1,A,A,311,311,,333,True,1,NZ,N,1,D,D,102,98,,102,True,1,CB,C
3.678061445925019,-0.42806144592501916,1,A,A,311,311,,333,True,1,NZ,N,1,D,D,102,98,,102,True,1,CG,C
4.070927289942685,-0.8209272899426852,1,A,A,311,311,,333,True,1,NZ,N,1,D,D,102,98,,102,True,1,CD,C
4.462308595334942,-1.3623085953349423,1,A,A,311,311,,333,True,1,NZ,N,1,D,D,103,99,,103,True,1,N,N
4.295544785006902,-1.2555447850069017,1,A,A,313,313,,335,True,1,O,O,1,C,C,50,50,,50,True,1,OG,O
4.224467895486952,-0.824467895486952,1,A,A,314,314,,336,True,1,CA,C,1,C,C,53,53,,53,True,1,CE1,C
4.437389547921175,-1.3673895479211744,1,A,A,315,315,,337,True,1,N,N,1,C,C,49,49,,49,True,1,OH,O
4.478010830714901,-1.2280108307149007,1,A,A,315,315,,337,True,1,N,N,1,C,C,53,53,,53,True,1,CE1,C
3.8262778257727237,-0.6062778257727239,1,A,A,315,315,,337,True,1,CA,C,1,C,C,49,49,,49,True,1,OH,O
3.8208094692093826,-0.6008094692093828,1,A,A,315,315,,337,True,1,CB,C,1,C,C,49,49,,49,True,1,OH,O
3.925468889190176,-0.7054688891901764,1,A,A,315,315,,337,True,1,CG,C,1,C,C,49,49,,49,True,1,OH,O
3.955721678783786,-0.5557216787837862,1,A,A,315,315,,337,True,1,CG,C,1,C,C,53,53,,53,True,1,CG,C
4.1869590396850125,-0.7869590396850126,1,A,A,315,315,,337,True,1,CG,C,1,C,C,53,53,,53,True,1,CD1,C
3.8177765780621677,-0.41777657806216784,1,A,A,315,315,,337,True,1,CG,C,1,C,C,53,53,,53,True,1,CD2,C
4.300685177968736,-0.9006851779687364,1,A,A,315,315,,337,True,1,CG,C,1,C,C,53,53,,53,True,1,CE1,C
3.9423716212452766,-0.5423716212452767,1,A,A,315,315,,337,True,1,CG,C,1,C,C,53,53,,53,True,1,CE2,C
4.183221366363501,-0.783221366363501,1,A,A,315,315,,337,True,1,CG,C,1,C,C,53,53,,53,True,1,CZ,C
4.212020536512129,-0.8120205365121289,1,A,A,315,315,,337,True,1,CD,C,1,C,C,53,53,,53,True,1,CG,C
3.9810658120659124,-0.5810658120659125,1,A,A,315,315,,337,True,1,CD,C,1,C,C,53,53,,53,True,1,CD1,C
4.126308398556747,-0.7263083985567467,1,A,A,315,315,,337,True,1,CD,C,1,C,C,53,53,,53,True,1,CD2,C
3.668382477332474,-0.2683824773324739,1,A,A,315,315,,337,True,1,CD,C,1,C,C,53,53,,53,True,1,CE1,C
3.8310866604659304,-0.43108666046593047,1,A,A,315,315,,337,True,1,CD,C,1,C,C,53,53,,53,True,1,CE2,C
3.5906573214385165,-0.19065732143851655,1,A,A,315,315,,337,True,1,CD,C,1,C,C,53,53,,53,True,1,CZ,C
4.0318954599542955,-0.8118954599542958,1,A,A,315,315,,337,True,1,CD,C,1,C,C,53,53,,53,True,1,OH,O
